,NO.,Chiral_molecules_smile,RT,Column,Tem/℃,T1/min,kα/℃·min-1,Tα/min,T2/min,kβ/℃·min-1,Tβ/min,T3/min,kγ/℃·min-1,Tγ/min,T4/min,kδ/℃·min-1,Tδ/min,T5/min
1045,1046,C[C@H](C1=CC=C(C=C1)OC)O,54.105,HP_chiral_20β,100.0,20.0,1.0,35.0,15.0,5.0,9.0,0.0,0,0.0,0.0,0,0,0
1046,1047,C[C@@H](C1=CC=C(C=C1)OC)O,55.137,HP_chiral_20β,100.0,20.0,1.0,35.0,15.0,5.0,9.0,0.0,0,0.0,0.0,0,0,0
1047,1048,C[C@H](C=CC1=CC=CC=C1)O,120.26,HP_chiral_20β,80.0,30.0,11.0,20.0,50.0,2.0,10.0,10.0,3,15.0,5.0,0,0,0
1048,1049,C[C@@H](C=CC1=CC=CC=C1)O,120.886,HP_chiral_20β,80.0,30.0,11.0,20.0,50.0,2.0,10.0,10.0,3,15.0,5.0,0,0,0
1049,1050,C1COC2=CC=CC=C2[C@@H]1O,62.861,HP_chiral_20β,100.0,20.0,1.0,35.0,15.0,5.0,9.0,0.0,0,0.0,0.0,0,0,0
1050,1051,C1COC2=CC=CC=C2[C@H]1O,63.623,HP_chiral_20β,100.0,20.0,1.0,35.0,15.0,5.0,9.0,0.0,0,0.0,0.0,0,0,0
1051,1052,O[C@H]1CCOC2=CC=C(Cl)C=C12,103.983,HP_chiral_20β,100.0,20.0,1.0,40.0,10.0,2.0,5.0,25.0,3,10.0,5.0,0,0,0
1052,1053,O[C@@H]1CCOC2=CC=C(Cl)C=C12,105.23,HP_chiral_20β,100.0,20.0,1.0,40.0,10.0,2.0,5.0,25.0,3,10.0,5.0,0,0,0
1053,1054,O[C@@H]1CCSC2=CC=CC=C12,100.346,HP_chiral_20β,100.0,20.0,1.0,40.0,10.0,2.0,5.0,25.0,3,10.0,5.0,0,0,0
1054,1055,O[C@H]1CCSC2=CC=CC=C12,101.204,HP_chiral_20β,100.0,20.0,1.0,40.0,10.0,2.0,5.0,25.0,3,10.0,5.0,0,0,0
1055,1056,O[C@@H]1CCSC2=CC=C(Cl)C=C12,140.632,HP_chiral_20β,100.0,20.0,1.0,40.0,10.0,2.0,5.0,30.0,2,15.0,50.0,0,0,0
1056,1057,O[C@H]1CCSC2=CC=C(Cl)C=C12,142.361,HP_chiral_20β,100.0,20.0,1.0,40.0,10.0,2.0,5.0,30.0,2,15.0,50.0,0,0,0
1057,1058,C1COC2=CC=CC=C2[C@@H]1O,63.74,HP_chiral_20β,100.0,20.0,1.0,35.0,15.0,5.0,9.0,1.0,0,0.0,0.0,0,0,0
1058,1059,C1COC2=CC=CC=C2[C@H]1O,64.31,HP_chiral_20β,100.0,20.0,1.0,35.0,15.0,5.0,9.0,1.0,0,0.0,0.0,0,0,0
1059,1060,O[C@@H]1CCSC2=CC=C(Cl)C=C12,104.422,HP_chiral_20β,100.0,20.0,1.0,40.0,10.0,2.0,5.0,25.0,3,10.0,5.0,0,0,0
1060,1061,O[C@H]1CCOC2=CC=C(Cl)C=C12,105.452,HP_chiral_20β,100.0,20.0,1.0,40.0,10.0,2.0,5.0,25.0,3,10.0,5.0,0,0,0
1061,1062,O[C@@H]1CCSC2=CC=CC=C12,100.61,HP_chiral_20β,100.0,20.0,1.0,40.0,10.0,2.0,5.0,25.0,3,10.0,5.0,0,0,0
1062,1063,O[C@H]1CCSC2=CC=CC=C12,101.58,HP_chiral_20β,100.0,20.0,1.0,40.0,10.0,2.0,5.0,25.0,3,10.0,5.0,0,0,0
1063,1064,O[C@@H]1CCSC2=CC=C(Cl)C=C12,139.78,HP_chiral_20β,100.0,20.0,1.0,40.0,10.0,2.0,5.0,30.0,2,15.0,50.0,0,0,0
1064,1065,O[C@H]1CCSC2=CC=C(Cl)C=C12,141.11,HP_chiral_20β,100.0,20.0,1.0,40.0,10.0,2.0,5.0,30.0,2,15.0,50.0,0,0,0
1065,1066,CC1=CC=C2C(=C1)[C@H](O)CCS2,117.11,HP_chiral_20β,100.0,20.0,1.0,40.0,10.0,2.0,5.0,30.0,2,15.0,10.0,0,0,0
1066,1067,CC1=CC=C2C(=C1)[C@@H](O)CCS2,117.69,HP_chiral_20β,100.0,20.0,1.0,40.0,10.0,2.0,5.0,30.0,2,15.0,10.0,0,0,0
1067,1068,C[C@H](C1=CC=CC=C1)O,13.1,HP_chiral_20β,120.0,0.0,0.0,0.0,0.0,0.0,0.0,0.0,0,0.0,0.0,0,0,0
1068,1069,C[C@@H](C1=CC=CC=C1)O,13.7,HP_chiral_20β,120.0,0.0,0.0,0.0,0.0,0.0,0.0,0.0,0,0.0,0.0,0,0,0
1069,1070,CC1=CC=CC=C1[C@@H](C)O,24.2,HP_chiral_20β,120.0,0.0,0.0,0.0,0.0,0.0,0.0,0.0,0,0.0,0.0,0,0,0
1070,1071,CC1=CC=CC=C1[C@H](C)O,27.2,HP_chiral_20β,120.0,0.0,0.0,0.0,0.0,0.0,0.0,0.0,0,0.0,0.0,0,0,0
1071,1072,CC1=CC(=CC=C1)[C@@H](C)O,20.1,HP_chiral_20β,120.0,0.0,0.0,0.0,0.0,0.0,0.0,0.0,0,0.0,0.0,0,0,0
1072,1073,CC1=CC(=CC=C1)[C@H](C)O,20.6,HP_chiral_20β,120.0,0.0,0.0,0.0,0.0,0.0,0.0,0.0,0,0.0,0.0,0,0,0
1073,1074,Cc1ccc([C@H](C)O)cc1,19.3,HP_chiral_20β,120.0,0.0,0.0,0.0,0.0,0.0,0.0,0.0,0,0.0,0.0,0,0,0
1074,1075,Cc1ccc([C@@H](C)O)cc1,20.1,HP_chiral_20β,120.0,0.0,0.0,0.0,0.0,0.0,0.0,0.0,0,0.0,0.0,0,0,0
1075,1076,C[C@H](C1=CC=C(C=C1)OC)O,53.5,HP_chiral_20β,120.0,0.0,0.0,0.0,0.0,0.0,0.0,0.0,0,0.0,0.0,0,0,0
1076,1077,C[C@@H](C1=CC=C(C=C1)OC)O,54.9,HP_chiral_20β,120.0,0.0,0.0,0.0,0.0,0.0,0.0,0.0,0,0.0,0.0,0,0,0
1077,1078,C[C@H](C1=CC=C(C=C1)C(F)(F)F)O,11.1,HP_chiral_20β,130.0,0.0,0.0,0.0,0.0,0.0,0.0,0.0,0,0.0,0.0,0,0,0
1078,1079,C[C@@H](C1=CC=C(C=C1)C(F)(F)F)O,11.7,HP_chiral_20β,130.0,0.0,0.0,0.0,0.0,0.0,0.0,0.0,0,0.0,0.0,0,0,0
1079,1080,C[C@H](C1=CC=C(C=C1)Cl)O,35.6,HP_chiral_20β,125.0,0.0,0.0,0.0,0.0,0.0,0.0,0.0,0,0.0,0.0,0,0,0
1080,1081,C[C@@H](C1=CC=C(C=C1)Cl)O,37.6,HP_chiral_20β,125.0,0.0,0.0,0.0,0.0,0.0,0.0,0.0,0,0.0,0.0,0,0,0
1081,1082,C[C@H](C1=CC=C(C=C1)C#N)O,42.6,HP_chiral_20β,150.0,0.0,0.0,0.0,0.0,0.0,0.0,0.0,0,0.0,0.0,0,0,0
1082,1083,C[C@@H](C1=CC=C(C=C1)C#N)O,45.1,HP_chiral_20β,150.0,0.0,0.0,0.0,0.0,0.0,0.0,0.0,0,0.0,0.0,0,0,0
1083,1084,C[C@H](C1=CC2=CC=CC=C2C=C1)O,66.1,HP_chiral_20β,150.0,0.0,0.0,0.0,0.0,0.0,0.0,0.0,0,0.0,0.0,0,0,0
1084,1085,C[C@@H](C1=CC2=CC=CC=C2C=C1)O,67.5,HP_chiral_20β,150.0,0.0,0.0,0.0,0.0,0.0,0.0,0.0,0,0.0,0.0,0,0,0
1085,1086,C[C@H](C1=CC=CS1)O,14.3,HP_chiral_20β,120.0,0.0,0.0,0.0,0.0,0.0,0.0,0.0,0,0.0,0.0,0,0,0
1086,1087,C[C@@H](C1=CC=CS1)O,15.0,HP_chiral_20β,120.0,0.0,0.0,0.0,0.0,0.0,0.0,0.0,0,0.0,0.0,0,0,0
1087,1088,C[C@H](C1=CC=CO1)O,21.5,HP_chiral_20β,80.0,0.0,0.0,0.0,0.0,0.0,0.0,0.0,0,0.0,0.0,0,0,0
1088,1089,C[C@@H](C1=CC=CO1)O,21.9,HP_chiral_20β,80.0,0.0,0.0,0.0,0.0,0.0,0.0,0.0,0,0.0,0.0,0,0,0
1089,1090,C[C@@H](C(C)(C)C)O,3.8,HP_chiral_20β,60.0,0.0,0.0,0.0,0.0,0.0,0.0,0.0,0,0.0,0.0,0,0,0
1090,1091,C[C@H](C(C)(C)C)O,3.8,HP_chiral_20β,60.0,0.0,0.0,0.0,0.0,0.0,0.0,0.0,0,0.0,0.0,0,0,0
1091,1092,CC[C@H](C1=CC=CC=C1)O,48.9,HP_chiral_20β,120.0,0.0,0.0,0.0,0.0,0.0,0.0,0.0,0,0.0,0.0,0,0,0
1092,1093,CC[C@@H](C1=CC=CC=C1)O,50.0,HP_chiral_20β,120.0,0.0,0.0,0.0,0.0,0.0,0.0,0.0,0,0.0,0.0,0,0,0
1093,1094,CC[C@H](C1=CC=C(C=C1)C)O,30.4,HP_chiral_20β,120.0,0.0,0.0,0.0,0.0,0.0,0.0,0.0,0,0.0,0.0,0,0,0
1094,1095,CC[C@@H](C1=CC=C(C=C1)C)O,32.1,HP_chiral_20β,120.0,0.0,0.0,0.0,0.0,0.0,0.0,0.0,0,0.0,0.0,0,0,0
1095,1096,CC[C@H](C1=CC=C(C=C1)Cl)O,57.1,HP_chiral_20β,125.0,0.0,0.0,0.0,0.0,0.0,0.0,0.0,0,0.0,0.0,0,0,0
1096,1097,CC[C@@H](C1=CC=C(C=C1)Cl)O,60.5,HP_chiral_20β,125.0,0.0,0.0,0.0,0.0,0.0,0.0,0.0,0,0.0,0.0,0,0,0
1097,1098,CC(=CCC[C@](C)(C=C)O)C,14.79,HP_chiral_20β,80.0,2.0,2.0,16.0,0.0,20.0,4.4,2.0,0,0.0,0.0,0,0,0
1098,1099,CC(=CCC[C@@](C)(C=C)O)C,14.94,HP_chiral_20β,80.0,2.0,2.0,16.0,0.0,20.0,4.4,2.0,0,0.0,0.0,0,0,0
1099,1100,C[C@H](CC(C)C)N,13.91,HP_chiral_20β,45.0,1.0,2.0,17.5,0.0,8.0,22.5,10.0,0,0.0,0.0,0,0,0
1100,1101,C[C@@H](CC(C)C)N,13.67,HP_chiral_20β,45.0,1.0,2.0,17.5,0.0,8.0,22.5,10.0,0,0.0,0.0,0,0,0
1101,1102,CC[C@H](C)C[C@H](C)N,18.5,HP_chiral_20β,45.0,1.0,2.0,17.5,0.0,8.0,22.5,10.0,0,0.0,0.0,0,0,0
1102,1103,CC[C@@H](C)C[C@H](C)N,18.8,HP_chiral_20β,45.0,1.0,2.0,17.5,0.0,8.0,22.5,10.0,0,0.0,0.0,0,0,0
1103,1104,CC[C@H](C)C[C@@H](C)N,19.6,HP_chiral_20β,45.0,1.0,2.0,17.5,0.0,8.0,22.5,10.0,0,0.0,0.0,0,0,0
1104,1105,CC[C@@H](C)C[C@@H](C)N,19.9,HP_chiral_20β,45.0,1.0,2.0,17.5,0.0,8.0,22.5,10.0,0,0.0,0.0,0,0,0
1105,1106,CC1=CC[C@@H]2C[C@H]1C2(C)C,15.63,HP_chiral_20β,50.0,1.0,85.0,0.0,0.0,0.0,0.0,0.0,0,0.0,0.0,0,0,0
1106,1107,CC1=CC[C@H]2C[C@@H]1C2(C)C,15.96,HP_chiral_20β,50.0,1.0,85.0,0.0,0.0,0.0,0.0,0.0,0,0.0,0.0,0,0,0
1107,1108,CC(C)[C@]12CCC(=C)[C@H]1C2,17.8,HP_chiral_20β,50.0,1.0,85.0,0.0,0.0,0.0,0.0,0.0,0,0.0,0.0,0,0,0
1108,1109,CC(C)[C@@]12CCC(=C)[C@@H]1C2,16.99,HP_chiral_20β,50.0,1.0,85.0,0.0,0.0,0.0,0.0,0.0,0,0.0,0.0,0,0,0
1109,1110,CC1([C@@H]2CC[C@@H](C2)C1=C)C,18.3,HP_chiral_20β,50.0,1.0,85.0,0.0,0.0,0.0,0.0,0.0,0,0.0,0.0,0,0,0
1110,1111,CC1([C@H]2CC[C@H](C2)C1=C)C,17.9,HP_chiral_20β,50.0,1.0,85.0,0.0,0.0,0.0,0.0,0.0,0,0.0,0.0,0,0,0
1111,1112,CC1([C@@H]2CCC(=C)[C@H]1C2)C,19.24,HP_chiral_20β,50.0,1.0,85.0,0.0,0.0,0.0,0.0,0.0,0,0.0,0.0,0,0,0
1112,1113,CC1([C@H]2CCC(=C)[C@@H]1C2)C,19.5,HP_chiral_20β,50.0,1.0,85.0,0.0,0.0,0.0,0.0,0.0,0,0.0,0.0,0,0,0
1113,1114,CC1=CC[C@@H](CC1)C(=C)C,20.22,HP_chiral_20β,50.0,1.0,85.0,0.0,0.0,0.0,0.0,0.0,0,0.0,0.0,0,0,0
1114,1115,CC1=CC[C@H](CC1)C(=C)C,20.52,HP_chiral_20β,50.0,1.0,85.0,0.0,0.0,0.0,0.0,0.0,0,0.0,0.0,0,0,0
1115,1116,CC1=CC[C@@](CC1)(C(C)C)O,36.85,HP_chiral_20β,50.0,1.0,85.0,0.0,0.0,0.0,0.0,0.0,0,0.0,0.0,0,0,0
1116,1117,CC1=CC[C@](CC1)(C(C)C)O,37.08,HP_chiral_20β,50.0,1.0,85.0,0.0,0.0,0.0,0.0,0.0,0,0.0,0.0,0,0,0
1117,1118,CC1=CC[C@H]2C[C@@H]1C2(C)C,15.627,HP_chiral_20β,50.0,0.0,2.0,85.0,1.0,0.0,0.0,0.0,0,0.0,0.0,0,0,0
1118,1119,CC1=CC[C@@H]2C[C@H]1C2(C)C,15.964,HP_chiral_20β,50.0,0.0,2.0,85.0,1.0,0.0,0.0,0.0,0,0.0,0.0,0,0,0
1119,1120,CC1([C@@H]2CCC(=C)[C@H]1C2)C,19.24,HP_chiral_20β,50.0,0.0,2.0,85.0,1.0,0.0,0.0,0.0,0,0.0,0.0,0,0,0
1120,1121,CC1([C@H]2CCC(=C)[C@@H]1C2)C,19.5,HP_chiral_20β,50.0,0.0,2.0,85.0,1.0,0.0,0.0,0.0,0,0.0,0.0,0,0,0
1121,1122,CC1=CC[C@@H](CC1)C(=C)C,20.22,HP_chiral_20β,50.0,0.0,2.0,85.0,1.0,0.0,0.0,0.0,0,0.0,0.0,0,0,0
1122,1123,CC1=CC[C@H](CC1)C(=C)C,20.52,HP_chiral_20β,50.0,0.0,2.0,85.0,1.0,0.0,0.0,0.0,0,0.0,0.0,0,0,0
1123,1124,ClC[C@@H](Br)CBr,9.25,HP_chiral_20β,40.0,2.0,20.0,6.0,1.0,1.0,80.0,71.0,0,0.0,0.0,0,0,0
1124,1125,ClC[C@H](Br)CBr,9.25,HP_chiral_20β,40.0,2.0,20.0,6.0,1.0,1.0,80.0,71.0,0,0.0,0.0,0,0,0
1125,1126,CCOP(=S)(OCC)O[C@@H](Cl)C(Cl)(Cl)Cl,19.489,HP_chiral_20β,40.0,2.0,20.0,6.0,1.0,1.0,80.0,71.0,0,0.0,0.0,0,0,0
1126,1127,CCOP(=S)(OCC)O[C@H](Cl)C(Cl)(Cl)Cl,19.489,HP_chiral_20β,40.0,2.0,20.0,6.0,1.0,1.0,80.0,71.0,0,0.0,0.0,0,0,0
1127,1128,COP(=O)(OC)OC1=C(Cl)[C@H]2C=CC[C@H]12,21.154,HP_chiral_20β,40.0,2.0,20.0,6.0,1.0,1.0,80.0,71.0,0,0.0,0.0,0,0,0
1128,1129,COP(=O)(OC)OC1=C(Cl)[C@@H]2C=CC[C@H]12,21.154,HP_chiral_20β,40.0,2.0,20.0,6.0,1.0,1.0,80.0,71.0,0,0.0,0.0,0,0,0
1129,1130,COP(=O)(OC)OC1=C(Cl)[C@H]2C=CC[C@@H]12,21.154,HP_chiral_20β,40.0,2.0,20.0,6.0,1.0,1.0,80.0,71.0,0,0.0,0.0,0,0,0
1130,1131,COP(=O)(OC)OC1=C(Cl)[C@@H]2C=CC[C@@H]12,21.154,HP_chiral_20β,40.0,2.0,20.0,6.0,1.0,1.0,80.0,71.0,0,0.0,0.0,0,0,0
1131,1132,CO[P@]1(=S)OCc2ccccc2O1,30.04,HP_chiral_20β,40.0,2.0,20.0,6.0,1.0,1.0,80.0,71.0,0,0.0,0.0,0,0,0
1132,1133,CO[P@@]1(=S)OCc2ccccc2O1,30.04,HP_chiral_20β,40.0,2.0,20.0,6.0,1.0,1.0,80.0,71.0,0,0.0,0.0,0,0,0
1133,1134,CCO[P@](=S)(CC)Sc1ccccc1,31.314,HP_chiral_20β,40.0,2.0,20.0,6.0,1.0,1.0,80.0,71.0,0,0.0,0.0,0,0,0
1134,1135,CCO[P@@](=S)(CC)Sc1ccccc1,31.314,HP_chiral_20β,40.0,2.0,20.0,6.0,1.0,1.0,80.0,71.0,0,0.0,0.0,0,0,0
1135,1136,C=C[C@@]1(C)OC(=O)N(c2cc(Cl)cc(Cl)c2)C1=O,38.652,HP_chiral_20β,40.0,2.0,20.0,6.0,1.0,1.0,80.0,71.0,0,0.0,0.0,0,0,0
1136,1137,C=C[C@]1(C)OC(=O)N(c2cc(Cl)cc(Cl)c2)C1=O,38.652,HP_chiral_20β,40.0,2.0,20.0,6.0,1.0,1.0,80.0,71.0,0,0.0,0.0,0,0,0
1137,1138,CCOC(=O)C[C@@H](SP(=S)(OC)OC)C(=O)OCC,47.556,HP_chiral_20β,40.0,2.0,20.0,6.0,1.0,1.0,80.0,71.0,0,0.0,0.0,0,0,0
1138,1139,CCOC(=O)C[C@H](SP(=S)(OC)OC)C(=O)OCC,47.556,HP_chiral_20β,40.0,2.0,20.0,6.0,1.0,1.0,80.0,71.0,0,0.0,0.0,0,0,0
1139,1140,CCO[C@H]1Oc2ccc(OS(C)(=O)=O)cc2C1(C)C,49.042,HP_chiral_20β,40.0,2.0,20.0,6.0,1.0,1.0,80.0,71.0,0,0.0,0.0,0,0,0
1140,1141,CCO[C@@H]1Oc2ccc(OS(C)(=O)=O)cc2C1(C)C,49.042,HP_chiral_20β,40.0,2.0,20.0,6.0,1.0,1.0,80.0,71.0,0,0.0,0.0,0,0,0
1141,1142,CCOC(=O)[C@]1(C)OC(=O)N(c2cc(Cl)cc(Cl)c2)C1=O,52.526,HP_chiral_20β,40.0,2.0,20.0,6.0,1.0,1.0,80.0,71.0,0,0.0,0.0,0,0,0
1142,1143,CCOC(=O)[C@@]1(C)OC(=O)N(c2cc(Cl)cc(Cl)c2)C1=O,52.526,HP_chiral_20β,40.0,2.0,20.0,6.0,1.0,1.0,80.0,71.0,0,0.0,0.0,0,0,0
1143,1144,FC(F)C(F)(F)OC[C@@H](Cn1cncn1)c1ccc(Cl)cc1Cl,53.222,HP_chiral_20β,40.0,2.0,20.0,6.0,1.0,1.0,80.0,71.0,0,0.0,0.0,0,0,0
1144,1145,FC(F)C(F)(F)OC[C@H](Cn1cncn1)c1ccc(Cl)cc1Cl,53.406,HP_chiral_20β,40.0,2.0,20.0,6.0,1.0,1.0,80.0,71.0,0,0.0,0.0,0,0,0
1145,1146,O=C1[C@H](Cl)[C@H](CCl)CN1c1cccc(C(F)(F)F)c1,56.121,HP_chiral_20β,40.0,2.0,20.0,6.0,1.0,1.0,80.0,71.0,0,0.0,0.0,0,0,0
1146,1147,O=C1[C@H](Cl)[C@@H](CCl)CN1c1cccc(C(F)(F)F)c1,56.121,HP_chiral_20β,40.0,2.0,20.0,6.0,1.0,1.0,80.0,71.0,0,0.0,0.0,0,0,0
1147,1148,O=C1[C@@H](Cl)[C@H](CCl)CN1c1cccc(C(F)(F)F)c1,56.121,HP_chiral_20β,40.0,2.0,20.0,6.0,1.0,1.0,80.0,71.0,0,0.0,0.0,0,0,0
1148,1149,O=C1[C@@H](Cl)[C@@H](CCl)CN1c1cccc(C(F)(F)F)c1,56.121,HP_chiral_20β,40.0,2.0,20.0,6.0,1.0,1.0,80.0,71.0,0,0.0,0.0,0,0,0
1149,1150,C[C@@]12C[C@]1(C)C(=O)N(c1cc(Cl)cc(Cl)c1)C2=O,56.508,HP_chiral_20β,40.0,2.0,20.0,6.0,1.0,1.0,80.0,71.0,0,0.0,0.0,0,0,0
1150,1151,C[C@@]12C[C@@]1(C)C(=O)N(c1cc(Cl)cc(Cl)c1)C2=O,56.508,HP_chiral_20β,40.0,2.0,20.0,6.0,1.0,1.0,80.0,71.0,0,0.0,0.0,0,0,0
1151,1152,C[C@]12C[C@]1(C)C(=O)N(c1cc(Cl)cc(Cl)c1)C2=O,56.508,HP_chiral_20β,40.0,2.0,20.0,6.0,1.0,1.0,80.0,71.0,0,0.0,0.0,0,0,0
1152,1153,C[C@]12C[C@@]1(C)C(=O)N(c1cc(Cl)cc(Cl)c1)C2=O,56.508,HP_chiral_20β,40.0,2.0,20.0,6.0,1.0,1.0,80.0,71.0,0,0.0,0.0,0,0,0
1153,1154,CCOC(=O)[C@@H](SP(=S)(OC)OC)c1ccccc1,56.836,HP_chiral_20β,40.0,2.0,20.0,6.0,1.0,1.0,80.0,71.0,0,0.0,0.0,0,0,0
1154,1155,CCOC(=O)[C@H](SP(=S)(OC)OC)c1ccccc1,56.836,HP_chiral_20β,40.0,2.0,20.0,6.0,1.0,1.0,80.0,71.0,0,0.0,0.0,0,0,0
1155,1156,CCCS[P@](=S)(OCC)Oc1ccc(Cl)cc1Cl,58.302,HP_chiral_20β,40.0,2.0,20.0,6.0,1.0,1.0,80.0,71.0,0,0.0,0.0,0,0,0
1156,1157,CCCS[P@@](=S)(OCC)Oc1ccc(Cl)cc1Cl,58.302,HP_chiral_20β,40.0,2.0,20.0,6.0,1.0,1.0,80.0,71.0,0,0.0,0.0,0,0,0
1157,1158,CCN(CC)C(=O)[C@H](C)Oc1cccc2ccccc12,60.66,HP_chiral_20β,40.0,2.0,20.0,6.0,1.0,1.0,80.0,71.0,0,0.0,0.0,0,0,0
1158,1159,CCN(CC)C(=O)[C@@H](C)Oc1cccc2ccccc12,60.66,HP_chiral_20β,40.0,2.0,20.0,6.0,1.0,1.0,80.0,71.0,0,0.0,0.0,0,0,0
1159,1160,CCO[P@@](=S)(N[C@@H](C)CC)Oc1cc(C)ccc1[N+](=O)[O-],60.989,HP_chiral_20β,40.0,2.0,20.0,6.0,1.0,1.0,80.0,71.0,0,0.0,0.0,0,0,0
1160,1161,CCO[P@@](=S)(N[C@H](C)CC)Oc1cc(C)ccc1[N+](=O)[O-],60.989,HP_chiral_20β,40.0,2.0,20.0,6.0,1.0,1.0,80.0,71.0,0,0.0,0.0,0,0,0
1161,1162,CCO[P@](=S)(N[C@@H](C)CC)Oc1cc(C)ccc1[N+](=O)[O-],60.989,HP_chiral_20β,40.0,2.0,20.0,6.0,1.0,1.0,80.0,71.0,0,0.0,0.0,0,0,0
1162,1163,CCO[P@](=S)(N[C@H](C)CC)Oc1cc(C)ccc1[N+](=O)[O-],60.989,HP_chiral_20β,40.0,2.0,20.0,6.0,1.0,1.0,80.0,71.0,0,0.0,0.0,0,0,0
1163,1164,N#Cc1nn(-c2c(Cl)cc(C(F)(F)F)cc2Cl)c(N)c1[S@](=O)C(F)(F)F,62.034,HP_chiral_20β,40.0,2.0,20.0,6.0,1.0,1.0,80.0,71.0,0,0.0,0.0,0,0,0
1164,1165,N#Cc1nn(-c2c(Cl)cc(C(F)(F)F)cc2Cl)c(N)c1[S@@](=O)C(F)(F)F,62.034,HP_chiral_20β,40.0,2.0,20.0,6.0,1.0,1.0,80.0,71.0,0,0.0,0.0,0,0,0
1165,1166,CCCS[P@](=O)(OCC)Oc1ccc(Br)cc1Cl,62.199,HP_chiral_20β,40.0,2.0,20.0,6.0,1.0,1.0,80.0,71.0,0,0.0,0.0,0,0,0
1166,1167,CCCS[P@@](=O)(OCC)Oc1ccc(Br)cc1Cl,62.199,HP_chiral_20β,40.0,2.0,20.0,6.0,1.0,1.0,80.0,71.0,0,0.0,0.0,0,0,0
1167,1168,CCCC[C@](O)(Cn1cncn1)c1ccc(Cl)cc1Cl,62.777,HP_chiral_20β,40.0,2.0,20.0,6.0,1.0,1.0,80.0,71.0,0,0.0,0.0,0,0,0
1168,1169,CCCC[C@@](O)(Cn1cncn1)c1ccc(Cl)cc1Cl,62.777,HP_chiral_20β,40.0,2.0,20.0,6.0,1.0,1.0,80.0,71.0,0,0.0,0.0,0,0,0
1169,1170,N#Cc1nn(-c2c(Cl)cc(C(F)(F)F)cc2Cl)c(N)c1[S@](=O)C(F)(F)F,63.228,HP_chiral_20β,40.0,2.0,20.0,6.0,1.0,1.0,80.0,71.0,0,0.0,0.0,0,0,0
1170,1171,N#Cc1nn(-c2c(Cl)cc(C(F)(F)F)cc2Cl)c(N)c1[S@@](=O)C(F)(F)F,63.228,HP_chiral_20β,40.0,2.0,20.0,6.0,1.0,1.0,80.0,71.0,0,0.0,0.0,0,0,0
1171,1172,CC(C)(C)[C@@H](O)[C@H](Cc1ccc(Cl)cc1Cl)n1cncn1,65.425,HP_chiral_20β,40.0,2.0,20.0,6.0,1.0,1.0,80.0,71.0,0,0.0,0.0,0,0,0
1172,1173,CC(C)(C)[C@H](O)[C@H](Cc1ccc(Cl)cc1Cl)n1cncn1,65.425,HP_chiral_20β,40.0,2.0,20.0,6.0,1.0,1.0,80.0,71.0,0,0.0,0.0,0,0,0
1173,1174,CC(C)(C)[C@@H](O)[C@@H](Cc1ccc(Cl)cc1Cl)n1cncn1,65.425,HP_chiral_20β,40.0,2.0,20.0,6.0,1.0,1.0,80.0,71.0,0,0.0,0.0,0,0,0
1174,1175,CC(C)(C)[C@H](O)[C@@H](Cc1ccc(Cl)cc1Cl)n1cncn1,65.425,HP_chiral_20β,40.0,2.0,20.0,6.0,1.0,1.0,80.0,71.0,0,0.0,0.0,0,0,0
1175,1176,CC(C)C[C@H](C)c1sccc1NC(=O)c1cn(C)nc1C(F)(F)F,73.818,HP_chiral_20β,40.0,2.0,20.0,6.0,1.0,1.0,80.0,71.0,0,0.0,0.0,0,0,0
1176,1177,CC(C)C[C@@H](C)c1sccc1NC(=O)c1cn(C)nc1C(F)(F)F,73.818,HP_chiral_20β,40.0,2.0,20.0,6.0,1.0,1.0,80.0,71.0,0,0.0,0.0,0,0,0
1177,1178,COC(=O)[C@@H](C)N(C(=O)Cc1ccccc1)c1c(C)cccc1C,75.758,HP_chiral_20β,40.0,2.0,20.0,6.0,1.0,1.0,80.0,71.0,0,0.0,0.0,0,0,0
1178,1179,COC(=O)[C@H](C)N(C(=O)Cc1ccccc1)c1c(C)cccc1C,75.758,HP_chiral_20β,40.0,2.0,20.0,6.0,1.0,1.0,80.0,71.0,0,0.0,0.0,0,0,0
1179,1180,CCOP(=S)(OCC)Oc1ccc([S@@](C)=O)cc1,77.96,HP_chiral_20β,40.0,2.0,20.0,6.0,1.0,1.0,80.0,71.0,0,0.0,0.0,0,0,0
1180,1181,CCOP(=S)(OCC)Oc1ccc([S@](C)=O)cc1,77.96,HP_chiral_20β,40.0,2.0,20.0,6.0,1.0,1.0,80.0,71.0,0,0.0,0.0,0,0,0
1181,1182,CC(=C[C@@H]1[C@H](C1(C)C)C(=O)OCC2=COC(=C2)CC3=CC=CC=C3)C,78.531,HP_chiral_20β,40.0,2.0,20.0,6.0,1.0,1.0,80.0,71.0,0,0.0,0.0,0,0,0
1182,1183,CC(=C[C@H]1[C@H](C1(C)C)C(=O)OCC2=COC(=C2)CC3=CC=CC=C3)C,78.531,HP_chiral_20β,40.0,2.0,20.0,6.0,1.0,1.0,80.0,71.0,0,0.0,0.0,0,0,0
1183,1184,CC(=C[C@@H]1[C@@H](C1(C)C)C(=O)OCC2=COC(=C2)CC3=CC=CC=C3)C,78.531,HP_chiral_20β,40.0,2.0,20.0,6.0,1.0,1.0,80.0,71.0,0,0.0,0.0,0,0,0
1184,1185,CC(=C[C@H]1[C@@H](C1(C)C)C(=O)OCC2=COC(=C2)CC3=CC=CC=C3)C,78.531,HP_chiral_20β,40.0,2.0,20.0,6.0,1.0,1.0,80.0,71.0,0,0.0,0.0,0,0,0
1185,1186,CCO[P@@](=S)(Oc1ccc(C#N)cc1)c1ccccc1,81.082,HP_chiral_20β,40.0,2.0,20.0,6.0,1.0,1.0,80.0,71.0,0,0.0,0.0,0,0,0
1186,1187,CCO[P@](=S)(Oc1ccc(C#N)cc1)c1ccccc1,81.082,HP_chiral_20β,40.0,2.0,20.0,6.0,1.0,1.0,80.0,71.0,0,0.0,0.0,0,0,0
1187,1188,COC(=O)[C@@H](C)Oc1ccc(Oc2ccc(Cl)cc2Cl)cc1,81.49,HP_chiral_20β,40.0,2.0,20.0,6.0,1.0,1.0,80.0,71.0,0,0.0,0.0,0,0,0
1188,1189,COC(=O)[C@H](C)Oc1ccc(Oc2ccc(Cl)cc2Cl)cc1,81.49,HP_chiral_20β,40.0,2.0,20.0,6.0,1.0,1.0,80.0,71.0,0,0.0,0.0,0,0,0
1189,1190,C#CCOC(=O)[C@@H](C)Oc1ccc(Oc2ncc(Cl)cc2F)cc1,82.821,HP_chiral_20β,40.0,2.0,20.0,6.0,1.0,1.0,80.0,71.0,0,0.0,0.0,0,0,0
1190,1191,C#CCOC(=O)[C@H](C)Oc1ccc(Oc2ncc(Cl)cc2F)cc1,82.821,HP_chiral_20β,40.0,2.0,20.0,6.0,1.0,1.0,80.0,71.0,0,0.0,0.0,0,0,0
1191,1192,CCCCC[C@H](C)OC(=O)COc1ccc(Cl)c2cccnc12,86.285,HP_chiral_20β,40.0,2.0,20.0,6.0,1.0,1.0,80.0,71.0,0,0.0,0.0,0,0,0
1192,1193,CCCCC[C@@H](C)OC(=O)COc1ccc(Cl)c2cccnc12,86.285,HP_chiral_20β,40.0,2.0,20.0,6.0,1.0,1.0,80.0,71.0,0,0.0,0.0,0,0,0
1193,1194,CC1(C)C(C(=O)O[C@H](C#N)c2cccc(Oc3ccccc3)c2)C1(C)C,86.548,HP_chiral_20β,40.0,2.0,20.0,6.0,1.0,1.0,80.0,71.0,0,0.0,0.0,0,0,0
1194,1195,CC1(C)C(C(=O)O[C@@H](C#N)c2cccc(Oc3ccccc3)c2)C1(C)C,86.548,HP_chiral_20β,40.0,2.0,20.0,6.0,1.0,1.0,80.0,71.0,0,0.0,0.0,0,0,0
1195,1196,CCCOP(=S)(OCCC)SCC(=O)N1CCCC[C@@H]1C,86.955,HP_chiral_20β,40.0,2.0,20.0,6.0,1.0,1.0,80.0,71.0,0,0.0,0.0,0,0,0
1196,1197,CCCOP(=S)(OCCC)SCC(=O)N1CCCC[C@H]1C,86.955,HP_chiral_20β,40.0,2.0,20.0,6.0,1.0,1.0,80.0,71.0,0,0.0,0.0,0,0,0
1197,1198,CC(C)=C[C@@H]1[C@@H](C(=O)OCN2C(=O)C3=C(CCCC3)C2=O)C1(C)C,87.625,HP_chiral_20β,40.0,2.0,20.0,6.0,1.0,1.0,80.0,71.0,0,0.0,0.0,0,0,0
1198,1199,CC(C)=C[C@H]1[C@@H](C(=O)OCN2C(=O)C3=C(CCCC3)C2=O)C1(C)C,87.625,HP_chiral_20β,40.0,2.0,20.0,6.0,1.0,1.0,80.0,71.0,0,0.0,0.0,0,0,0
1199,1200,CC(C)=C[C@@H]1[C@H](C(=O)OCN2C(=O)C3=C(CCCC3)C2=O)C1(C)C,88.709,HP_chiral_20β,40.0,2.0,20.0,6.0,1.0,1.0,80.0,71.0,0,0.0,0.0,0,0,0
1200,1201,CC(C)=C[C@H]1[C@H](C(=O)OCN2C(=O)C3=C(CCCC3)C2=O)C1(C)C,88.709,HP_chiral_20β,40.0,2.0,20.0,6.0,1.0,1.0,80.0,71.0,0,0.0,0.0,0,0,0
1201,1202,CCO[P@@](=S)(Oc1ccc([N+](=O)[O-])cc1)c1ccccc1,89.932,HP_chiral_20β,40.0,2.0,20.0,6.0,1.0,1.0,80.0,71.0,0,0.0,0.0,0,0,0
1202,1203,CCO[P@](=S)(Oc1ccc([N+](=O)[O-])cc1)c1ccccc1,89.932,HP_chiral_20β,40.0,2.0,20.0,6.0,1.0,1.0,80.0,71.0,0,0.0,0.0,0,0,0
1203,1204,CC1(C)CC[C@@H](Cc2ccc(Cl)cc2)[C@@]1(O)Cn1cncn1,92.967,HP_chiral_20β,40.0,2.0,20.0,6.0,1.0,1.0,80.0,71.0,0,0.0,0.0,0,0,0
1204,1205,CC1(C)CC[C@H](Cc2ccc(Cl)cc2)[C@@]1(O)Cn1cncn1,92.967,HP_chiral_20β,40.0,2.0,20.0,6.0,1.0,1.0,80.0,71.0,0,0.0,0.0,0,0,0
1205,1206,CC1(C)CC[C@@H](Cc2ccc(Cl)cc2)[C@]1(O)Cn1cncn1,92.967,HP_chiral_20β,40.0,2.0,20.0,6.0,1.0,1.0,80.0,71.0,0,0.0,0.0,0,0,0
1206,1207,CC1(C)CC[C@H](Cc2ccc(Cl)cc2)[C@]1(O)Cn1cncn1,92.967,HP_chiral_20β,40.0,2.0,20.0,6.0,1.0,1.0,80.0,71.0,0,0.0,0.0,0,0,0
1207,1208,CCCCOC(=O)[C@H](C)Oc1ccc(Oc2ccc(C#N)cc2F)cc1,99.164,HP_chiral_20β,40.0,2.0,20.0,6.0,1.0,1.0,80.0,71.0,0,0.0,0.0,0,0,0
1208,1209,CCCCOC(=O)[C@@H](C)Oc1ccc(Oc2ccc(C#N)cc2F)cc1,99.164,HP_chiral_20β,40.0,2.0,20.0,6.0,1.0,1.0,80.0,71.0,0,0.0,0.0,0,0,0
1209,1210,C[C@](O)(Cn1cncn1)c1ccc(Oc2ccc(Cl)cc2)cc1C(F)(F)F,102.796,HP_chiral_20β,40.0,2.0,20.0,6.0,1.0,1.0,80.0,71.0,0,0.0,0.0,0,0,0
1210,1211,C[C@@](O)(Cn1cncn1)c1ccc(Oc2ccc(Cl)cc2)cc1C(F)(F)F,102.796,HP_chiral_20β,40.0,2.0,20.0,6.0,1.0,1.0,80.0,71.0,0,0.0,0.0,0,0,0
1211,1212,CC1(C)[C@@H](C=C(Cl)Cl)[C@@H]1C(=O)OCc1cccc(Oc2ccccc2)c1,104.239,HP_chiral_20β,40.0,2.0,20.0,6.0,1.0,1.0,80.0,71.0,0,0.0,0.0,0,0,0
1212,1213,CC1(C)[C@H](C=C(Cl)Cl)[C@@H]1C(=O)OCc1cccc(Oc2ccccc2)c1,104.239,HP_chiral_20β,40.0,2.0,20.0,6.0,1.0,1.0,80.0,71.0,0,0.0,0.0,0,0,0
1213,1214,CC1(C)[C@H](C(=O)OCc2cccc(Oc3ccccc3)c2)[C@@H]1C=C(Cl)Cl,107.21,HP_chiral_20β,40.0,2.0,20.0,6.0,1.0,1.0,80.0,71.0,0,0.0,0.0,0,0,0
1214,1215,CC1(C)[C@H](C=C(Cl)Cl)[C@H]1C(=O)OCc1cccc(Oc2ccccc2)c1,107.21,HP_chiral_20β,40.0,2.0,20.0,6.0,1.0,1.0,80.0,71.0,0,0.0,0.0,0,0,0
1215,1216,CC(C)(C)[C@@H](O)[C@@H](Oc1ccc(-c2ccccc2)cc1)n1cncn1,115.064,HP_chiral_20β,40.0,2.0,20.0,6.0,1.0,1.0,80.0,71.0,0,0.0,0.0,0,0,0
1216,1217,CC(C)(C)[C@H](O)[C@@H](Oc1ccc(-c2ccccc2)cc1)n1cncn1,115.064,HP_chiral_20β,40.0,2.0,20.0,6.0,1.0,1.0,80.0,71.0,0,0.0,0.0,0,0,0
1217,1218,CC(C)(C)[C@@H](O)[C@H](Oc1ccc(-c2ccccc2)cc1)n1cncn1,120.024,HP_chiral_20β,40.0,2.0,20.0,6.0,1.0,1.0,80.0,71.0,0,0.0,0.0,0,0,0
1218,1219,CC(C)(C)[C@H](O)[C@H](Oc1ccc(-c2ccccc2)cc1)n1cncn1,120.024,HP_chiral_20β,40.0,2.0,20.0,6.0,1.0,1.0,80.0,71.0,0,0.0,0.0,0,0,0
1219,1220,CC(C)=CCC[C@@H](C)CCO,10.069,HP_chiral_20β,40.0,2.0,20.0,6.0,1.0,1.0,80.0,30.0,0,0.0,0.0,0,0,0
1220,1221,CC(C)=CCC[C@H](C)CCO,10.069,HP_chiral_20β,40.0,2.0,20.0,6.0,1.0,1.0,80.0,30.0,0,0.0,0.0,0,0,0
1221,1222,C[C@@H](CC=O)CCCC(C)(C)O,11.713,HP_chiral_20β,40.0,2.0,20.0,6.0,1.0,1.0,80.0,30.0,0,0.0,0.0,0,0,0
1222,1223,C[C@H](CC=O)CCCC(C)(C)O,11.713,HP_chiral_20β,40.0,2.0,20.0,6.0,1.0,1.0,80.0,30.0,0,0.0,0.0,0,0,0
1223,1224,CCCC[C@H](CC)COC(=O)c1ccccc1O,27.043,HP_chiral_20β,40.0,2.0,20.0,6.0,1.0,1.0,80.0,30.0,0,0.0,0.0,0,0,0
1224,1225,CCCC[C@@H](CC)COC(=O)c1ccccc1O,27.043,HP_chiral_20β,40.0,2.0,20.0,6.0,1.0,1.0,80.0,30.0,0,0.0,0.0,0,0,0
1225,1226,CCCC[C@H](CC)COC(=O)c1ccc(N(C)C)cc1,67.026,HP_chiral_20β,40.0,2.0,20.0,6.0,1.0,1.0,80.0,30.0,0,0.0,0.0,0,0,0
1226,1227,CCCC[C@@H](CC)COC(=O)c1ccc(N(C)C)cc1,67.026,HP_chiral_20β,40.0,2.0,20.0,6.0,1.0,1.0,80.0,30.0,0,0.0,0.0,0,0,0
1227,1228,CC(C)(C)[C@@H](O)[C@H](Cc1ccc(Cl)cc1)n1cncn1,62.377,HP_chiral_20β,40.0,2.0,20.0,6.0,1.0,1.0,80.0,30.0,0,0.0,0.0,0,0,0
1228,1229,CC(C)(C)[C@H](O)[C@H](Cc1ccc(Cl)cc1)n1cncn1,62.377,HP_chiral_20β,40.0,2.0,20.0,6.0,1.0,1.0,80.0,30.0,0,0.0,0.0,0,0,0
1229,1230,CC(C)(C)[C@@H](O)[C@@H](Cc1ccc(Cl)cc1)n1cncn1,62.377,HP_chiral_20β,40.0,2.0,20.0,6.0,1.0,1.0,80.0,30.0,0,0.0,0.0,0,0,0
1230,1231,CC(C)(C)[C@H](O)[C@@H](Cc1ccc(Cl)cc1)n1cncn1,62.377,HP_chiral_20β,40.0,2.0,20.0,6.0,1.0,1.0,80.0,30.0,0,0.0,0.0,0,0,0
1231,1232,CC(C)(C)[C@@H](O)/C(=C\c1ccc(Cl)cc1)n1cncn1,70.588,HP_chiral_20β,40.0,2.0,20.0,6.0,1.0,1.0,80.0,30.0,0,0.0,0.0,0,0,0
1232,1233,CC(C)(C)[C@H](O)/C(=C\c1ccc(Cl)cc1)n1cncn1,70.588,HP_chiral_20β,40.0,2.0,20.0,6.0,1.0,1.0,80.0,30.0,0,0.0,0.0,0,0,0
1233,1234,CCCC[C@H](CC)COC(=O)/C=C/c1ccc(OC)cc1,71.259,HP_chiral_20β,40.0,2.0,20.0,6.0,1.0,1.0,80.0,30.0,0,0.0,0.0,0,0,0
1234,1235,CCCC[C@@H](CC)COC(=O)/C=C/c1ccc(OC)cc1,71.259,HP_chiral_20β,40.0,2.0,20.0,6.0,1.0,1.0,80.0,30.0,0,0.0,0.0,0,0,0
1235,1236,CCCC[C@H](CC)COC(=O)C(C#N)=C(c1ccccc1)c1ccccc1,101.771,HP_chiral_20β,40.0,2.0,20.0,6.0,1.0,1.0,80.0,30.0,0,0.0,0.0,0,0,0
1236,1237,CCCC[C@@H](CC)COC(=O)C(C#N)=C(c1ccccc1)c1ccccc1,101.771,HP_chiral_20β,40.0,2.0,20.0,6.0,1.0,1.0,80.0,30.0,0,0.0,0.0,0,0,0
1237,1238,FC(F)C(F)(F)OC[C@@H](Cn1cncn1)c1ccc(Cl)cc1Cl,90.897,HP_chiral_20β,40.0,2.0,2.0,100.0,58.0,0.0,0.0,0.0,0,0.0,0.0,0,0,0
1238,1239,FC(F)C(F)(F)OC[C@H](Cn1cncn1)c1ccc(Cl)cc1Cl,90.993,HP_chiral_20β,40.0,2.0,2.0,100.0,58.0,0.0,0.0,0.0,0,0.0,0.0,0,0,0
1239,1240,N#Cc1nn(-c2c(Cl)cc(C(F)(F)F)cc2Cl)c(N)c1[S@](=O)C(F)(F)F,95.553,HP_chiral_20β,40.0,2.0,2.0,100.0,58.0,0.0,0.0,0.0,0,0.0,0.0,0,0,0
1240,1241,N#Cc1nn(-c2c(Cl)cc(C(F)(F)F)cc2Cl)c(N)c1[S@@](=O)C(F)(F)F,96.119,HP_chiral_20β,40.0,2.0,2.0,100.0,58.0,0.0,0.0,0.0,0,0.0,0.0,0,0,0
1241,1242,COC(=O)[C@@H](C)Oc1ccc(Oc2ccc(Cl)cc2Cl)cc1,107.058,HP_chiral_20β,40.0,2.0,2.0,100.0,58.0,0.0,0.0,0.0,0,0.0,0.0,0,0,0
1242,1243,COC(=O)[C@H](C)Oc1ccc(Oc2ccc(Cl)cc2Cl)cc1,107.058,HP_chiral_20β,40.0,2.0,2.0,100.0,58.0,0.0,0.0,0.0,0,0.0,0.0,0,0,0
1243,1244,CC(C)=C[C@@H]1[C@@H](C(=O)OCN2C(=O)C3=C(CCCC3)C2=O)C1(C)C,111.777,HP_chiral_20β,40.0,2.0,2.0,100.0,58.0,0.0,0.0,0.0,0,0.0,0.0,0,0,0
1244,1245,CC(C)=C[C@H]1[C@@H](C(=O)OCN2C(=O)C3=C(CCCC3)C2=O)C1(C)C,111.777,HP_chiral_20β,40.0,2.0,2.0,100.0,58.0,0.0,0.0,0.0,0,0.0,0.0,0,0,0
1245,1246,CC(C)=C[C@@H]1[C@H](C(=O)OCN2C(=O)C3=C(CCCC3)C2=O)C1(C)C,112.643,HP_chiral_20β,40.0,2.0,2.0,100.0,58.0,0.0,0.0,0.0,0,0.0,0.0,0,0,0
1246,1247,CC(C)=C[C@H]1[C@H](C(=O)OCN2C(=O)C3=C(CCCC3)C2=O)C1(C)C,112.643,HP_chiral_20β,40.0,2.0,2.0,100.0,58.0,0.0,0.0,0.0,0,0.0,0.0,0,0,0
1247,1248,CC1(C)[C@@H](C=C(Cl)Cl)[C@@H]1C(=O)OCc1cccc(Oc2ccccc2)c1,127.603,HP_chiral_20β,40.0,2.0,2.0,100.0,58.0,0.0,0.0,0.0,0,0.0,0.0,0,0,0
1248,1249,CC1(C)[C@H](C=C(Cl)Cl)[C@@H]1C(=O)OCc1cccc(Oc2ccccc2)c1,127.603,HP_chiral_20β,40.0,2.0,2.0,100.0,58.0,0.0,0.0,0.0,0,0.0,0.0,0,0,0
1249,1250,CC1(C)[C@H](C(=O)OCc2cccc(Oc3ccccc3)c2)[C@@H]1C=C(Cl)Cl,130.472,HP_chiral_20β,40.0,2.0,2.0,100.0,58.0,0.0,0.0,0.0,0,0.0,0.0,0,0,0
1250,1251,CC1(C)[C@H](C=C(Cl)Cl)[C@H]1C(=O)OCc1cccc(Oc2ccccc2)c1,130.472,HP_chiral_20β,40.0,2.0,2.0,100.0,58.0,0.0,0.0,0.0,0,0.0,0.0,0,0,0
1251,1252,CC(C)(C)[C@@H](O)[C@@H](Oc1ccc(-c2ccccc2)cc1)n1cncn1,137.839,HP_chiral_20β,40.0,2.0,2.0,100.0,58.0,0.0,0.0,0.0,0,0.0,0.0,0,0,0
1252,1253,CC(C)(C)[C@H](O)[C@@H](Oc1ccc(-c2ccccc2)cc1)n1cncn1,137.839,HP_chiral_20β,40.0,2.0,2.0,100.0,58.0,0.0,0.0,0.0,0,0.0,0.0,0,0,0
1253,1254,CC(C)(C)[C@@H](O)[C@H](Oc1ccc(-c2ccccc2)cc1)n1cncn1,142.58,HP_chiral_20β,40.0,2.0,2.0,100.0,58.0,0.0,0.0,0.0,0,0.0,0.0,0,0,0
1254,1255,CC(C)(C)[C@H](O)[C@H](Oc1ccc(-c2ccccc2)cc1)n1cncn1,142.58,HP_chiral_20β,40.0,2.0,2.0,100.0,58.0,0.0,0.0,0.0,0,0.0,0.0,0,0,0
1255,1256,FC(F)C(F)(F)OC[C@@H](Cn1cncn1)c1ccc(Cl)cc1Cl,42.595,HP_chiral_20β,40.0,2.0,5.0,40.0,78.0,0.0,0.0,0.0,0,0.0,0.0,0,0,0
1256,1257,FC(F)C(F)(F)OC[C@H](Cn1cncn1)c1ccc(Cl)cc1Cl,42.595,HP_chiral_20β,40.0,2.0,5.0,40.0,78.0,0.0,0.0,0.0,0,0.0,0.0,0,0,0
1257,1258,N#Cc1nn(-c2c(Cl)cc(C(F)(F)F)cc2Cl)c(N)c1[S@](=O)C(F)(F)F,44.771,HP_chiral_20β,40.0,2.0,5.0,40.0,78.0,0.0,0.0,0.0,0,0.0,0.0,0,0,0
1258,1259,N#Cc1nn(-c2c(Cl)cc(C(F)(F)F)cc2Cl)c(N)c1[S@@](=O)C(F)(F)F,45.025,HP_chiral_20β,40.0,2.0,5.0,40.0,78.0,0.0,0.0,0.0,0,0.0,0.0,0,0,0
1259,1260,COC(=O)[C@@H](C)Oc1ccc(Oc2ccc(Cl)cc2Cl)cc1,55.042,HP_chiral_20β,40.0,2.0,5.0,40.0,78.0,0.0,0.0,0.0,0,0.0,0.0,0,0,0
1260,1261,COC(=O)[C@H](C)Oc1ccc(Oc2ccc(Cl)cc2Cl)cc1,55.042,HP_chiral_20β,40.0,2.0,5.0,40.0,78.0,0.0,0.0,0.0,0,0.0,0.0,0,0,0
1261,1262,CC(C)=C[C@@H]1[C@@H](C(=O)OCN2C(=O)C3=C(CCCC3)C2=O)C1(C)C,59.597,HP_chiral_20β,40.0,2.0,5.0,40.0,78.0,0.0,0.0,0.0,0,0.0,0.0,0,0,0
1262,1263,CC(C)=C[C@H]1[C@@H](C(=O)OCN2C(=O)C3=C(CCCC3)C2=O)C1(C)C,59.597,HP_chiral_20β,40.0,2.0,5.0,40.0,78.0,0.0,0.0,0.0,0,0.0,0.0,0,0,0
1263,1264,CC(C)=C[C@@H]1[C@H](C(=O)OCN2C(=O)C3=C(CCCC3)C2=O)C1(C)C,60.41,HP_chiral_20β,40.0,2.0,5.0,40.0,78.0,0.0,0.0,0.0,0,0.0,0.0,0,0,0
1264,1265,CC(C)=C[C@H]1[C@H](C(=O)OCN2C(=O)C3=C(CCCC3)C2=O)C1(C)C,60.41,HP_chiral_20β,40.0,2.0,5.0,40.0,78.0,0.0,0.0,0.0,0,0.0,0.0,0,0,0
1265,1266,CC1(C)[C@@H](C=C(Cl)Cl)[C@@H]1C(=O)OCc1cccc(Oc2ccccc2)c1,75.804,HP_chiral_20β,40.0,2.0,5.0,40.0,78.0,0.0,0.0,0.0,0,0.0,0.0,0,0,0
1266,1267,CC1(C)[C@H](C=C(Cl)Cl)[C@@H]1C(=O)OCc1cccc(Oc2ccccc2)c1,75.804,HP_chiral_20β,40.0,2.0,5.0,40.0,78.0,0.0,0.0,0.0,0,0.0,0.0,0,0,0
1267,1268,CC1(C)[C@H](C(=O)OCc2cccc(Oc3ccccc3)c2)[C@@H]1C=C(Cl)Cl,78.695,HP_chiral_20β,40.0,2.0,5.0,40.0,78.0,0.0,0.0,0.0,0,0.0,0.0,0,0,0
1268,1269,CC1(C)[C@H](C=C(Cl)Cl)[C@H]1C(=O)OCc1cccc(Oc2ccccc2)c1,78.695,HP_chiral_20β,40.0,2.0,5.0,40.0,78.0,0.0,0.0,0.0,0,0.0,0.0,0,0,0
1269,1270,CC(C)(C)[C@@H](O)[C@@H](Oc1ccc(-c2ccccc2)cc1)n1cncn1,86.234,HP_chiral_20β,40.0,2.0,5.0,40.0,78.0,0.0,0.0,0.0,0,0.0,0.0,0,0,0
1270,1271,CC(C)(C)[C@H](O)[C@@H](Oc1ccc(-c2ccccc2)cc1)n1cncn1,86.234,HP_chiral_20β,40.0,2.0,5.0,40.0,78.0,0.0,0.0,0.0,0,0.0,0.0,0,0,0
1271,1272,CC(C)(C)[C@@H](O)[C@H](Oc1ccc(-c2ccccc2)cc1)n1cncn1,91.15,HP_chiral_20β,40.0,2.0,5.0,40.0,78.0,0.0,0.0,0.0,0,0.0,0.0,0,0,0
1272,1273,CC(C)(C)[C@H](O)[C@H](Oc1ccc(-c2ccccc2)cc1)n1cncn1,91.15,HP_chiral_20β,40.0,2.0,5.0,40.0,78.0,0.0,0.0,0.0,0,0.0,0.0,0,0,0
1273,1274,FC(F)C(F)(F)OC[C@@H](Cn1cncn1)c1ccc(Cl)cc1Cl,25.427,HP_chiral_20β,40.0,2.0,10.0,20.0,98.0,0.0,0.0,0.0,0,0.0,0.0,0,0,0
1274,1275,FC(F)C(F)(F)OC[C@H](Cn1cncn1)c1ccc(Cl)cc1Cl,25.427,HP_chiral_20β,40.0,2.0,10.0,20.0,98.0,0.0,0.0,0.0,0,0.0,0.0,0,0,0
1275,1276,N#Cc1nn(-c2c(Cl)cc(C(F)(F)F)cc2Cl)c(N)c1[S@](=O)C(F)(F)F,27.351,HP_chiral_20β,40.0,2.0,10.0,20.0,98.0,0.0,0.0,0.0,0,0.0,0.0,0,0,0
1276,1277,N#Cc1nn(-c2c(Cl)cc(C(F)(F)F)cc2Cl)c(N)c1[S@@](=O)C(F)(F)F,27.549,HP_chiral_20β,40.0,2.0,10.0,20.0,98.0,0.0,0.0,0.0,0,0.0,0.0,0,0,0
1277,1278,COC(=O)[C@@H](C)Oc1ccc(Oc2ccc(Cl)cc2Cl)cc1,37.474,HP_chiral_20β,40.0,2.0,10.0,20.0,98.0,0.0,0.0,0.0,0,0.0,0.0,0,0,0
1278,1279,COC(=O)[C@H](C)Oc1ccc(Oc2ccc(Cl)cc2Cl)cc1,37.474,HP_chiral_20β,40.0,2.0,10.0,20.0,98.0,0.0,0.0,0.0,0,0.0,0.0,0,0,0
1279,1280,CC(C)=C[C@@H]1[C@@H](C(=O)OCN2C(=O)C3=C(CCCC3)C2=O)C1(C)C,41.952,HP_chiral_20β,40.0,2.0,10.0,20.0,98.0,0.0,0.0,0.0,0,0.0,0.0,0,0,0
1280,1281,CC(C)=C[C@H]1[C@@H](C(=O)OCN2C(=O)C3=C(CCCC3)C2=O)C1(C)C,41.952,HP_chiral_20β,40.0,2.0,10.0,20.0,98.0,0.0,0.0,0.0,0,0.0,0.0,0,0,0
1281,1282,CC(C)=C[C@@H]1[C@H](C(=O)OCN2C(=O)C3=C(CCCC3)C2=O)C1(C)C,42.72,HP_chiral_20β,40.0,2.0,10.0,20.0,98.0,0.0,0.0,0.0,0,0.0,0.0,0,0,0
1282,1283,CC(C)=C[C@H]1[C@H](C(=O)OCN2C(=O)C3=C(CCCC3)C2=O)C1(C)C,42.72,HP_chiral_20β,40.0,2.0,10.0,20.0,98.0,0.0,0.0,0.0,0,0.0,0.0,0,0,0
1283,1284,CC1(C)[C@@H](C=C(Cl)Cl)[C@@H]1C(=O)OCc1cccc(Oc2ccccc2)c1,58.047,HP_chiral_20β,40.0,2.0,10.0,20.0,98.0,0.0,0.0,0.0,0,0.0,0.0,0,0,0
1284,1285,CC1(C)[C@H](C=C(Cl)Cl)[C@@H]1C(=O)OCc1cccc(Oc2ccccc2)c1,58.047,HP_chiral_20β,40.0,2.0,10.0,20.0,98.0,0.0,0.0,0.0,0,0.0,0.0,0,0,0
1285,1286,CC1(C)[C@H](C(=O)OCc2cccc(Oc3ccccc3)c2)[C@@H]1C=C(Cl)Cl,60.881,HP_chiral_20β,40.0,2.0,10.0,20.0,98.0,0.0,0.0,0.0,0,0.0,0.0,0,0,0
1286,1287,CC1(C)[C@H](C=C(Cl)Cl)[C@H]1C(=O)OCc1cccc(Oc2ccccc2)c1,60.881,HP_chiral_20β,40.0,2.0,10.0,20.0,98.0,0.0,0.0,0.0,0,0.0,0.0,0,0,0
1287,1288,CC(C)(C)[C@@H](O)[C@@H](Oc1ccc(-c2ccccc2)cc1)n1cncn1,68.344,HP_chiral_20β,40.0,2.0,10.0,20.0,98.0,0.0,0.0,0.0,0,0.0,0.0,0,0,0
1288,1289,CC(C)(C)[C@H](O)[C@@H](Oc1ccc(-c2ccccc2)cc1)n1cncn1,68.344,HP_chiral_20β,40.0,2.0,10.0,20.0,98.0,0.0,0.0,0.0,0,0.0,0.0,0,0,0
1289,1290,CC(C)(C)[C@@H](O)[C@H](Oc1ccc(-c2ccccc2)cc1)n1cncn1,73.227,HP_chiral_20β,40.0,2.0,10.0,20.0,98.0,0.0,0.0,0.0,0,0.0,0.0,0,0,0
1290,1291,CC(C)(C)[C@H](O)[C@H](Oc1ccc(-c2ccccc2)cc1)n1cncn1,73.227,HP_chiral_20β,40.0,2.0,10.0,20.0,98.0,0.0,0.0,0.0,0,0.0,0.0,0,0,0
1291,1292,FC(F)C(F)(F)OC[C@@H](Cn1cncn1)c1ccc(Cl)cc1Cl,19.697,HP_chiral_20β,40.0,2.0,15.0,13.3,104.67,0.0,0.0,0.0,0,0.0,0.0,0,0,0
1292,1293,FC(F)C(F)(F)OC[C@H](Cn1cncn1)c1ccc(Cl)cc1Cl,19.697,HP_chiral_20β,40.0,2.0,15.0,13.3,104.67,0.0,0.0,0.0,0,0.0,0.0,0,0,0
1293,1294,N#Cc1nn(-c2c(Cl)cc(C(F)(F)F)cc2Cl)c(N)c1[S@](=O)C(F)(F)F,21.542,HP_chiral_20β,40.0,2.0,15.0,13.3,104.67,0.0,0.0,0.0,0,0.0,0.0,0,0,0
1294,1295,N#Cc1nn(-c2c(Cl)cc(C(F)(F)F)cc2Cl)c(N)c1[S@@](=O)C(F)(F)F,21.712,HP_chiral_20β,40.0,2.0,15.0,13.3,104.67,0.0,0.0,0.0,0,0.0,0.0,0,0,0
1295,1296,COC(=O)[C@@H](C)Oc1ccc(Oc2ccc(Cl)cc2Cl)cc1,31.592,HP_chiral_20β,40.0,2.0,15.0,13.3,104.67,0.0,0.0,0.0,0,0.0,0.0,0,0,0
1296,1297,COC(=O)[C@H](C)Oc1ccc(Oc2ccc(Cl)cc2Cl)cc1,31.592,HP_chiral_20β,40.0,2.0,15.0,13.3,104.67,0.0,0.0,0.0,0,0.0,0.0,0,0,0
1297,1298,CC(C)=C[C@@H]1[C@@H](C(=O)OCN2C(=O)C3=C(CCCC3)C2=O)C1(C)C,36.023,HP_chiral_20β,40.0,2.0,15.0,13.3,104.67,0.0,0.0,0.0,0,0.0,0.0,0,0,0
1298,1299,CC(C)=C[C@H]1[C@@H](C(=O)OCN2C(=O)C3=C(CCCC3)C2=O)C1(C)C,36.023,HP_chiral_20β,40.0,2.0,15.0,13.3,104.67,0.0,0.0,0.0,0,0.0,0.0,0,0,0
1299,1300,CC(C)=C[C@@H]1[C@H](C(=O)OCN2C(=O)C3=C(CCCC3)C2=O)C1(C)C,36.773,HP_chiral_20β,40.0,2.0,15.0,13.3,104.67,0.0,0.0,0.0,0,0.0,0.0,0,0,0
1300,1301,CC(C)=C[C@H]1[C@H](C(=O)OCN2C(=O)C3=C(CCCC3)C2=O)C1(C)C,36.773,HP_chiral_20β,40.0,2.0,15.0,13.3,104.67,0.0,0.0,0.0,0,0.0,0.0,0,0,0
1301,1302,CC1(C)[C@@H](C=C(Cl)Cl)[C@@H]1C(=O)OCc1cccc(Oc2ccccc2)c1,52.069,HP_chiral_20β,40.0,2.0,15.0,13.3,104.67,0.0,0.0,0.0,0,0.0,0.0,0,0,0
1302,1303,CC1(C)[C@H](C=C(Cl)Cl)[C@@H]1C(=O)OCc1cccc(Oc2ccccc2)c1,52.069,HP_chiral_20β,40.0,2.0,15.0,13.3,104.67,0.0,0.0,0.0,0,0.0,0.0,0,0,0
1303,1304,CC1(C)[C@H](C(=O)OCc2cccc(Oc3ccccc3)c2)[C@@H]1C=C(Cl)Cl,54.875,HP_chiral_20β,40.0,2.0,15.0,13.3,104.67,0.0,0.0,0.0,0,0.0,0.0,0,0,0
1304,1305,CC1(C)[C@H](C=C(Cl)Cl)[C@H]1C(=O)OCc1cccc(Oc2ccccc2)c1,54.875,HP_chiral_20β,40.0,2.0,15.0,13.3,104.67,0.0,0.0,0.0,0,0.0,0.0,0,0,0
1305,1306,CC(C)(C)[C@@H](O)[C@@H](Oc1ccc(-c2ccccc2)cc1)n1cncn1,62.355,HP_chiral_20β,40.0,2.0,15.0,13.3,104.67,0.0,0.0,0.0,0,0.0,0.0,0,0,0
1306,1307,CC(C)(C)[C@H](O)[C@@H](Oc1ccc(-c2ccccc2)cc1)n1cncn1,62.355,HP_chiral_20β,40.0,2.0,15.0,13.3,104.67,0.0,0.0,0.0,0,0.0,0.0,0,0,0
1307,1308,CC(C)(C)[C@@H](O)[C@H](Oc1ccc(-c2ccccc2)cc1)n1cncn1,67.242,HP_chiral_20β,40.0,2.0,15.0,13.3,104.67,0.0,0.0,0.0,0,0.0,0.0,0,0,0
1308,1309,CC(C)(C)[C@H](O)[C@H](Oc1ccc(-c2ccccc2)cc1)n1cncn1,67.242,HP_chiral_20β,40.0,2.0,15.0,13.3,104.67,0.0,0.0,0.0,0,0.0,0.0,0,0,0
1309,1310,FC(F)C(F)(F)OC[C@@H](Cn1cncn1)c1ccc(Cl)cc1Cl,16.835,HP_chiral_20β,40.0,2.0,20.0,10.0,107.0,0.0,0.0,0.0,0,0.0,0.0,0,0,0
1310,1311,FC(F)C(F)(F)OC[C@H](Cn1cncn1)c1ccc(Cl)cc1Cl,16.835,HP_chiral_20β,40.0,2.0,20.0,10.0,107.0,0.0,0.0,0.0,0,0.0,0.0,0,0,0
1311,1312,N#Cc1nn(-c2c(Cl)cc(C(F)(F)F)cc2Cl)c(N)c1[S@](=O)C(F)(F)F,18.639,HP_chiral_20β,40.0,2.0,20.0,10.0,107.0,0.0,0.0,0.0,0,0.0,0.0,0,0,0
1312,1313,N#Cc1nn(-c2c(Cl)cc(C(F)(F)F)cc2Cl)c(N)c1[S@@](=O)C(F)(F)F,18.806,HP_chiral_20β,40.0,2.0,20.0,10.0,107.0,0.0,0.0,0.0,0,0.0,0.0,0,0,0
1313,1314,COC(=O)[C@@H](C)Oc1ccc(Oc2ccc(Cl)cc2Cl)cc1,28.649,HP_chiral_20β,40.0,2.0,20.0,10.0,107.0,0.0,0.0,0.0,0,0.0,0.0,0,0,0
1314,1315,COC(=O)[C@H](C)Oc1ccc(Oc2ccc(Cl)cc2Cl)cc1,28.649,HP_chiral_20β,40.0,2.0,20.0,10.0,107.0,0.0,0.0,0.0,0,0.0,0.0,0,0,0
1315,1316,CC(C)=C[C@@H]1[C@@H](C(=O)OCN2C(=O)C3=C(CCCC3)C2=O)C1(C)C,33.057,HP_chiral_20β,40.0,2.0,20.0,10.0,107.0,0.0,0.0,0.0,0,0.0,0.0,0,0,0
1316,1317,CC(C)=C[C@H]1[C@@H](C(=O)OCN2C(=O)C3=C(CCCC3)C2=O)C1(C)C,33.057,HP_chiral_20β,40.0,2.0,20.0,10.0,107.0,0.0,0.0,0.0,0,0.0,0.0,0,0,0
1317,1318,CC(C)=C[C@@H]1[C@H](C(=O)OCN2C(=O)C3=C(CCCC3)C2=O)C1(C)C,33.792,HP_chiral_20β,40.0,2.0,20.0,10.0,107.0,0.0,0.0,0.0,0,0.0,0.0,0,0,0
1318,1319,CC(C)=C[C@H]1[C@H](C(=O)OCN2C(=O)C3=C(CCCC3)C2=O)C1(C)C,33.792,HP_chiral_20β,40.0,2.0,20.0,10.0,107.0,0.0,0.0,0.0,0,0.0,0.0,0,0,0
1319,1320,CC1(C)[C@@H](C=C(Cl)Cl)[C@@H]1C(=O)OCc1cccc(Oc2ccccc2)c1,49.041,HP_chiral_20β,40.0,2.0,20.0,10.0,107.0,0.0,0.0,0.0,0,0.0,0.0,0,0,0
1320,1321,CC1(C)[C@H](C=C(Cl)Cl)[C@@H]1C(=O)OCc1cccc(Oc2ccccc2)c1,49.041,HP_chiral_20β,40.0,2.0,20.0,10.0,107.0,0.0,0.0,0.0,0,0.0,0.0,0,0,0
1321,1322,CC1(C)[C@H](C(=O)OCc2cccc(Oc3ccccc3)c2)[C@@H]1C=C(Cl)Cl,51.88,HP_chiral_20β,40.0,2.0,20.0,10.0,107.0,0.0,0.0,0.0,0,0.0,0.0,0,0,0
1322,1323,CC1(C)[C@H](C=C(Cl)Cl)[C@H]1C(=O)OCc1cccc(Oc2ccccc2)c1,51.88,HP_chiral_20β,40.0,2.0,20.0,10.0,107.0,0.0,0.0,0.0,0,0.0,0.0,0,0,0
1323,1324,CC(C)(C)[C@@H](O)[C@@H](Oc1ccc(-c2ccccc2)cc1)n1cncn1,59.289,HP_chiral_20β,40.0,2.0,20.0,10.0,107.0,0.0,0.0,0.0,0,0.0,0.0,0,0,0
1324,1325,CC(C)(C)[C@H](O)[C@@H](Oc1ccc(-c2ccccc2)cc1)n1cncn1,59.289,HP_chiral_20β,40.0,2.0,20.0,10.0,107.0,0.0,0.0,0.0,0,0.0,0.0,0,0,0
1325,1326,CC(C)(C)[C@@H](O)[C@H](Oc1ccc(-c2ccccc2)cc1)n1cncn1,64.134,HP_chiral_20β,40.0,2.0,20.0,10.0,107.0,0.0,0.0,0.0,0,0.0,0.0,0,0,0
1326,1327,CC(C)(C)[C@H](O)[C@H](Oc1ccc(-c2ccccc2)cc1)n1cncn1,64.134,HP_chiral_20β,40.0,2.0,20.0,10.0,107.0,0.0,0.0,0.0,0,0.0,0.0,0,0,0
1327,1328,FC(F)C(F)(F)OC[C@@H](Cn1cncn1)c1ccc(Cl)cc1Cl,12.554,HP_chiral_20β,40.0,2.0,40.0,5.0,107.0,0.0,0.0,0.0,0,0.0,0.0,0,0,0
1328,1329,FC(F)C(F)(F)OC[C@H](Cn1cncn1)c1ccc(Cl)cc1Cl,12.554,HP_chiral_20β,40.0,2.0,40.0,5.0,107.0,0.0,0.0,0.0,0,0.0,0.0,0,0,0
1329,1330,N#Cc1nn(-c2c(Cl)cc(C(F)(F)F)cc2Cl)c(N)c1[S@](=O)C(F)(F)F,14.297,HP_chiral_20β,40.0,2.0,40.0,5.0,107.0,0.0,0.0,0.0,0,0.0,0.0,0,0,0
1330,1331,N#Cc1nn(-c2c(Cl)cc(C(F)(F)F)cc2Cl)c(N)c1[S@@](=O)C(F)(F)F,14.453,HP_chiral_20β,40.0,2.0,40.0,5.0,107.0,0.0,0.0,0.0,0,0.0,0.0,0,0,0
1331,1332,COC(=O)[C@@H](C)Oc1ccc(Oc2ccc(Cl)cc2Cl)cc1,24.248,HP_chiral_20β,40.0,2.0,40.0,5.0,107.0,0.0,0.0,0.0,0,0.0,0.0,0,0,0
1332,1333,COC(=O)[C@H](C)Oc1ccc(Oc2ccc(Cl)cc2Cl)cc1,24.248,HP_chiral_20β,40.0,2.0,40.0,5.0,107.0,0.0,0.0,0.0,0,0.0,0.0,0,0,0
1333,1334,CC(C)=C[C@@H]1[C@@H](C(=O)OCN2C(=O)C3=C(CCCC3)C2=O)C1(C)C,28.633,HP_chiral_20β,40.0,2.0,40.0,5.0,107.0,0.0,0.0,0.0,0,0.0,0.0,0,0,0
1334,1335,CC(C)=C[C@H]1[C@@H](C(=O)OCN2C(=O)C3=C(CCCC3)C2=O)C1(C)C,28.633,HP_chiral_20β,40.0,2.0,40.0,5.0,107.0,0.0,0.0,0.0,0,0.0,0.0,0,0,0
1335,1336,CC(C)=C[C@@H]1[C@H](C(=O)OCN2C(=O)C3=C(CCCC3)C2=O)C1(C)C,29.381,HP_chiral_20β,40.0,2.0,40.0,5.0,107.0,0.0,0.0,0.0,0,0.0,0.0,0,0,0
1336,1337,CC(C)=C[C@H]1[C@H](C(=O)OCN2C(=O)C3=C(CCCC3)C2=O)C1(C)C,29.381,HP_chiral_20β,40.0,2.0,40.0,5.0,107.0,0.0,0.0,0.0,0,0.0,0.0,0,0,0
1337,1338,CC1(C)[C@@H](C=C(Cl)Cl)[C@@H]1C(=O)OCc1cccc(Oc2ccccc2)c1,44.627,HP_chiral_20β,40.0,2.0,40.0,5.0,107.0,0.0,0.0,0.0,0,0.0,0.0,0,0,0
1338,1339,CC1(C)[C@H](C=C(Cl)Cl)[C@@H]1C(=O)OCc1cccc(Oc2ccccc2)c1,44.627,HP_chiral_20β,40.0,2.0,40.0,5.0,107.0,0.0,0.0,0.0,0,0.0,0.0,0,0,0
1339,1340,CC1(C)[C@H](C(=O)OCc2cccc(Oc3ccccc3)c2)[C@@H]1C=C(Cl)Cl,47.397,HP_chiral_20β,40.0,2.0,40.0,5.0,107.0,0.0,0.0,0.0,0,0.0,0.0,0,0,0
1340,1341,CC1(C)[C@H](C=C(Cl)Cl)[C@H]1C(=O)OCc1cccc(Oc2ccccc2)c1,47.397,HP_chiral_20β,40.0,2.0,40.0,5.0,107.0,0.0,0.0,0.0,0,0.0,0.0,0,0,0
1341,1342,CC(C)(C)[C@@H](O)[C@@H](Oc1ccc(-c2ccccc2)cc1)n1cncn1,54.753,HP_chiral_20β,40.0,2.0,40.0,5.0,107.0,0.0,0.0,0.0,0,0.0,0.0,0,0,0
1342,1343,CC(C)(C)[C@H](O)[C@@H](Oc1ccc(-c2ccccc2)cc1)n1cncn1,54.753,HP_chiral_20β,40.0,2.0,40.0,5.0,107.0,0.0,0.0,0.0,0,0.0,0.0,0,0,0
1343,1344,CC(C)(C)[C@@H](O)[C@H](Oc1ccc(-c2ccccc2)cc1)n1cncn1,59.579,HP_chiral_20β,40.0,2.0,40.0,5.0,107.0,0.0,0.0,0.0,0,0.0,0.0,0,0,0
1344,1345,CC(C)(C)[C@H](O)[C@H](Oc1ccc(-c2ccccc2)cc1)n1cncn1,59.579,HP_chiral_20β,40.0,2.0,40.0,5.0,107.0,0.0,0.0,0.0,0,0.0,0.0,0,0,0
