,NO.,Chiral_molecules_smile,RT,Column,Tem/℃,T1/min,kα/℃·min-1,Tα/min,T2/min,kβ/℃·min-1,Tβ/min,T3/min,kγ/℃·min-1,Tγ/min,T4/min,kδ/℃·min-1,Tδ/min,T5/min
663,664,C[C@H](C1=C(C=CC=C1F)F)O,19.732,Cyclodex_B,70.0,9.0,5.0,10.0,15.0,5.0,10.0,6.0,0,0.0,0.0,0,0,0
664,665,C[C@@H](C1=C(C=CC=C1F)F)O,20.262,Cyclodex_B,70.0,9.0,5.0,10.0,15.0,5.0,10.0,6.0,0,0.0,0.0,0,0,0
665,666,C[C@H](C1=CC(=CC=C1)Cl)O,24.992,Cyclodex_B,70.0,5.0,5.0,10.0,11.0,6.0,5.0,5.0,0,0.0,0.0,0,0,0
666,667,C[C@@H](C1=CC(=CC=C1)Cl)O,25.612,Cyclodex_B,70.0,5.0,5.0,10.0,11.0,6.0,5.0,5.0,0,0.0,0.0,0,0,0
667,668,C[C@H](C1=CC(=CC=C1)Br)O,31.015,Cyclodex_B,70.0,5.0,5.0,10.0,11.0,6.0,5.0,5.0,0,0.0,0.0,0,0,0
668,669,C[C@@H](C1=CC(=CC=C1)Br)O,31.638,Cyclodex_B,70.0,5.0,5.0,10.0,11.0,6.0,5.0,5.0,0,0.0,0.0,0,0,0
669,670,C[C@@H](C1=CC=CC=C1OC)O,23.993,Cyclodex_B,70.0,5.0,5.0,10.0,11.0,6.0,5.0,5.0,0,0.0,0.0,0,0,0
670,671,C[C@H](C1=CC=CC=C1OC)O,24.332,Cyclodex_B,70.0,5.0,5.0,10.0,11.0,6.0,5.0,5.0,0,0.0,0.0,0,0,0
671,672,C[C@H](C1=CC(=CC=C1)OC)O,26.414,Cyclodex_B,70.0,5.0,5.0,10.0,11.0,6.0,5.0,5.0,0,0.0,0.0,0,0,0
672,673,C[C@@H](C1=CC(=CC=C1)OC)O,26.913,Cyclodex_B,70.0,5.0,5.0,10.0,11.0,6.0,5.0,5.0,0,0.0,0.0,0,0,0
673,674,CC[C@H](C1=CC=CC=C1)O,28.752,Cyclodex_B,70.0,9.0,5.0,10.0,15.0,5.0,10.0,6.0,0,0.0,0.0,0,0,0
674,675,CC[C@@H](C1=CC=CC=C1)O,29.283,Cyclodex_B,70.0,9.0,5.0,10.0,15.0,5.0,10.0,6.0,0,0.0,0.0,0,0,0
675,676,O[C@@H](C1=CC=CC=C1)C(C)C,21.734,Cyclodex_B,70.0,9.0,5.0,10.0,15.0,5.0,10.0,6.0,0,0.0,0.0,0,0,0
676,677,O[C@H](C1=CC=CC=C1)C(C)C,21.831,Cyclodex_B,70.0,9.0,5.0,10.0,15.0,5.0,10.0,6.0,0,0.0,0.0,0,0,0
677,678,C[C@@H](CCC1=CC=CC=C1)O,66.587,Cyclodex_B,70.0,15.0,1.0,30.0,5.0,2.0,20.0,2.0,3,10.0,8.0,0,0,0
678,679,C[C@H](CCC1=CC=CC=C1)O,67.008,Cyclodex_B,70.0,15.0,1.0,30.0,5.0,2.0,20.0,2.0,3,10.0,8.0,0,0,0
679,680,O[C@@H]1CCCCC2=CC=CC=C12,109.579,Cyclodex_B,70.0,15.0,1.0,30.0,40.0,2.0,10.0,0.0,5,10.0,15.0,0,0,0
680,681,O[C@H]1CCCCC2=CC=CC=C12,110.85,Cyclodex_B,70.0,15.0,1.0,30.0,40.0,2.0,10.0,0.0,5,10.0,15.0,0,0,0
681,682,C1CC2=CC=CC=C2[C@H]1O,85.456,Cyclodex_B,70.0,15.0,1.0,30.0,40.0,2.0,10.0,0.0,5,10.0,15.0,0,0,0
682,683,C1CC2=CC=CC=C2[C@@H]1O,85.957,Cyclodex_B,70.0,15.0,1.0,30.0,40.0,2.0,10.0,0.0,5,10.0,15.0,0,0,0
683,684,O[C@H]1CCC2=CC=C(C(F)(F)F)C=C12,101.167,Cyclodex_B,70.0,15.0,1.0,30.0,40.0,2.0,10.0,0.0,5,10.0,15.0,0,0,0
684,685,O[C@@H]1CCC2=CC=C(C(F)(F)F)C=C12,101.566,Cyclodex_B,70.0,15.0,1.0,30.0,40.0,2.0,10.0,0.0,5,10.0,15.0,0,0,0
685,686,C1CC2=CC=CC=C2[C@H]1O,85.456,Cyclodex_B,70.0,15.0,1.0,30.0,40.0,2.0,10.0,0.0,5,10.0,15.0,0,0,0
686,687,C1CC2=CC=CC=C2[C@@H]1O,85.957,Cyclodex_B,70.0,15.0,1.0,30.0,40.0,2.0,10.0,0.0,5,10.0,15.0,0,0,0
687,688,O[C@H]1CCC2=CC=C(C(F)(F)F)C=C12,99.635,Cyclodex_B,70.0,15.0,1.0,30.0,40.0,2.0,10.0,0.0,5,10.0,15.0,0,0,0
688,689,O[C@@H]1CCC2=CC=C(C(F)(F)F)C=C12,100.497,Cyclodex_B,70.0,15.0,1.0,30.0,40.0,2.0,10.0,0.0,5,10.0,15.0,0,0,0
689,690,CC1=CC[C@H](CC1)C(=C)C,21.2,Cyclodex_B,50.0,0.0,2.0,55.0,0.0,0.0,0.0,0.0,0,0.0,0.0,0,0,0
690,691,CC1=CC[C@@H](CC1)C(=C)C,22.02,Cyclodex_B,50.0,0.0,2.0,55.0,0.0,0.0,0.0,0.0,0,0.0,0.0,0,0,0
691,692,CC1=CC[C@H](CC1)C(=C)C,21.2,Cyclodex_B,50.0,0.0,2.0,55.0,0.0,0.0,0.0,0.0,0,0.0,0.0,0,0,0
692,693,CC1=CC[C@@H](CC1)C(=C)C,22.02,Cyclodex_B,50.0,0.0,2.0,55.0,0.0,0.0,0.0,0.0,0,0.0,0.0,0,0,0
693,694,CCCCCC(=O)[C@H](C)O,22.8,Cyclodex_B,50.0,1.0,3.0,56.67,0.0,0.0,0.0,0.0,0,0.0,0.0,0,0,0
694,695,CCCCCC(=O)[C@@H](C)O,22.56,Cyclodex_B,50.0,1.0,3.0,56.67,0.0,0.0,0.0,0.0,0,0.0,0.0,0,0,0
695,696,CCCCC[C@H](C(=O)C)O,22.72,Cyclodex_B,50.0,1.0,3.0,56.67,0.0,0.0,0.0,0.0,0,0.0,0.0,0,0,0
696,697,CCCCC[C@@H](C(=O)C)O,23.38,Cyclodex_B,50.0,1.0,3.0,56.67,0.0,0.0,0.0,0.0,0,0.0,0.0,0,0,0
697,698,CCC/C=C/C(=O)[C@H](C)O,24.06,Cyclodex_B,50.0,1.0,3.0,56.67,0.0,0.0,0.0,0.0,0,0.0,0.0,0,0,0
698,699,CCC/C=C/C(=O)[C@@H](C)O,24.85,Cyclodex_B,50.0,1.0,3.0,56.67,0.0,0.0,0.0,0.0,0,0.0,0.0,0,0,0
699,700,CC1=CC[C@@H]2C[C@H]1C2(C)C,23.66,Cyclodex_B,40.0,5.0,1.5,80.0,0.0,0.0,0.0,0.0,0,0.0,0.0,0,0,0
700,701,CC1=CC[C@H]2C[C@@H]1C2(C)C,22.93,Cyclodex_B,40.0,5.0,1.5,80.0,0.0,0.0,0.0,0.0,0,0.0,0.0,0,0,0
701,702,CC1([C@@H]2CCC(=C)[C@H]1C2)C,27.65,Cyclodex_B,40.0,5.0,1.5,80.0,0.0,0.0,0.0,0.0,0,0.0,0.0,0,0,0
702,703,CC1([C@H]2CCC(=C)[C@@H]1C2)C,28.0,Cyclodex_B,40.0,5.0,1.5,80.0,0.0,0.0,0.0,0.0,0,0.0,0.0,0,0,0
703,704,CC1=CC[C@@H](CC1)C(=C)C,29.47,Cyclodex_B,40.0,5.0,1.5,80.0,0.0,0.0,0.0,0.0,0,0.0,0.0,0,0,0
704,705,CC1=CC[C@H](CC1)C(=C)C,29.1,Cyclodex_B,40.0,5.0,1.5,80.0,0.0,0.0,0.0,0.0,0,0.0,0.0,0,0,0
705,706,CC(=CCC[C@](C)(C=C)O)C,45.1,Cyclodex_B,40.0,5.0,1.5,80.0,0.0,0.0,0.0,0.0,0,0.0,0.0,0,0,0
706,707,CC(=CCC[C@@](C)(C=C)O)C,45.3,Cyclodex_B,40.0,5.0,1.5,80.0,0.0,0.0,0.0,0.0,0,0.0,0.0,0,0,0
707,708,C[C@@H]1CCC(=C(C)C)C(=O)C1,53.4,Cyclodex_B,40.0,5.0,1.5,80.0,0.0,0.0,0.0,0.0,0,0.0,0.0,0,0,0
708,709,C[C@H]1CCC(=C(C)C)C(=O)C1,53.8,Cyclodex_B,40.0,5.0,1.5,80.0,0.0,0.0,0.0,0.0,0,0.0,0.0,0,0,0
709,710,C[C@@H](CCC=C(C)C)O,26.1,Cyclodex_B,50.0,1.0,2.5,60.0,3.0,0.0,0.0,0.0,0,0.0,0.0,0,0,0
710,711,C[C@H](CCC=C(C)C)O,26.38,Cyclodex_B,50.0,1.0,2.5,60.0,3.0,0.0,0.0,0.0,0,0.0,0.0,0,0,0
711,712,C=C[C@]1(C)CC[C@@H](O)C(C)(C)O1,8.1,Cyclodex_B,50.0,1.0,15.0,15.3,0.0,0.0,0.0,0.0,0,0.0,0.0,0,0,0
712,713,C=C[C@@]1(C)CC[C@H](O)C(C)(C)O1,8.2,Cyclodex_B,50.0,1.0,15.0,15.3,0.0,0.0,0.0,0.0,0,0.0,0.0,0,0,0
713,714,C=C[C@]1(C)CC[C@H](O)C(C)(C)O1,8.5,Cyclodex_B,50.0,1.0,15.0,15.3,0.0,0.0,0.0,0.0,0,0.0,0.0,0,0,0
714,715,C=C[C@@]1(C)CC[C@@H](O)C(C)(C)O1,8.75,Cyclodex_B,50.0,1.0,15.0,15.3,0.0,0.0,0.0,0.0,0,0.0,0.0,0,0,0
715,716,CC(=O)O[C@@H](C)CC/C=C(\C)CCC=C(C)C,53.993,Cyclodex_B,50.0,1.0,3.0,56.7,0.0,0.0,0.0,0.0,0,0.0,0.0,0,0,0
716,717,CC(=O)O[C@H](C)CC/C=C(\C)CCC=C(C)C,54.66,Cyclodex_B,50.0,1.0,3.0,56.7,0.0,0.0,0.0,0.0,0,0.0,0.0,0,0,0
717,718,CC1=CC[C@H]2C[C@@H]1C2(C)C,24.022,Cyclodex_B,40.0,5.0,106.7,0.0,0.0,0.0,0.0,0.0,0,0.0,0.0,0,0,0
718,719,CC1=CC[C@@H]2C[C@H]1C2(C)C,24.831,Cyclodex_B,40.0,5.0,106.7,0.0,0.0,0.0,0.0,0.0,0,0.0,0.0,0,0,0
719,720,CC(C)[C@]12CCC(=C)[C@H]1C2,26.344,Cyclodex_B,40.0,5.0,106.7,0.0,0.0,0.0,0.0,0.0,0,0.0,0.0,0,0,0
720,721,CC(C)[C@@]12CCC(=C)[C@@H]1C2,27.299,Cyclodex_B,40.0,5.0,106.7,0.0,0.0,0.0,0.0,0.0,0,0.0,0.0,0,0,0
721,722,CC1([C@@H]2CC[C@@H](C2)C1=C)C,26.839,Cyclodex_B,40.0,5.0,106.7,0.0,0.0,0.0,0.0,0.0,0,0.0,0.0,0,0,0
722,723,CC1([C@H]2CC[C@H](C2)C1=C)C,27.42,Cyclodex_B,40.0,5.0,106.7,0.0,0.0,0.0,0.0,0.0,0,0.0,0.0,0,0,0
723,724,CC1=CC[C@@H]2[C@H](C1)C2(C)C,28.53,Cyclodex_B,40.0,5.0,106.7,0.0,0.0,0.0,0.0,0.0,0,0.0,0.0,0,0,0
724,725,CC1=CC[C@H]2[C@@H](C1)C2(C)C,28.94,Cyclodex_B,40.0,5.0,106.7,0.0,0.0,0.0,0.0,0.0,0,0.0,0.0,0,0,0
725,726,CC1([C@@H]2CCC(=C)[C@H]1C2)C,28.86,Cyclodex_B,40.0,5.0,106.7,0.0,0.0,0.0,0.0,0.0,0,0.0,0.0,0,0,0
726,727,CC1([C@H]2CCC(=C)[C@@H]1C2)C,29.216,Cyclodex_B,40.0,5.0,106.7,0.0,0.0,0.0,0.0,0.0,0,0.0,0.0,0,0,0
727,728,CC1=CC[C@H](CC1)C(=C)C,30.577,Cyclodex_B,40.0,5.0,106.7,0.0,0.0,0.0,0.0,0.0,0,0.0,0.0,0,0,0
728,729,CC1=CC[C@@H](CC1)C(=C)C,30.957,Cyclodex_B,40.0,5.0,106.7,0.0,0.0,0.0,0.0,0.0,0,0.0,0.0,0,0,0
729,730,CC(C)[C@@H]1CCC(=C)C=C1,32.023,Cyclodex_B,40.0,5.0,106.7,0.0,0.0,0.0,0.0,0.0,0,0.0,0.0,0,0,0
730,731,CC(C)[C@H]1CCC(=C)C=C1,32.36,Cyclodex_B,40.0,5.0,106.7,0.0,0.0,0.0,0.0,0.0,0,0.0,0.0,0,0,0
731,732,CC(=CCC[C@](C)(C=C)O)C,46.81,Cyclodex_B,40.0,5.0,106.7,0.0,0.0,0.0,0.0,0.0,0,0.0,0.0,0,0,0
732,733,CC(=CCC[C@@](C)(C=C)O)C,47.221,Cyclodex_B,40.0,5.0,106.7,0.0,0.0,0.0,0.0,0.0,0,0.0,0.0,0,0,0
733,734,CC1=CC[C@](CC1)(C(C)C)O,53.915,Cyclodex_B,40.0,5.0,106.7,0.0,0.0,0.0,0.0,0.0,0,0.0,0.0,0,0,0
734,735,CC1=CC[C@@](CC1)(C(C)C)O,54.242,Cyclodex_B,40.0,5.0,106.7,0.0,0.0,0.0,0.0,0.0,0,0.0,0.0,0,0,0
735,736,CC1=CC[C@@H](CC1)C(C)(C)O,57.613,Cyclodex_B,40.0,5.0,106.7,0.0,0.0,0.0,0.0,0.0,0,0.0,0.0,0,0,0
736,737,CC1=CC[C@H](CC1)C(C)(C)O,57.912,Cyclodex_B,40.0,5.0,106.7,0.0,0.0,0.0,0.0,0.0,0,0.0,0.0,0,0,0
737,738,CCC[C@H](C(=O)C)O,13.5,Cyclodex_B,50.0,1.0,3.0,56.7,20.0,0.0,0.0,0.0,0,0.0,0.0,0,0,0
738,739,CCC[C@@H](C(=O)C)O,14.62,Cyclodex_B,50.0,1.0,3.0,56.7,20.0,0.0,0.0,0.0,0,0.0,0.0,0,0,0
739,740,CCC[C@@H]([C@H](C)O)O,22.0,Cyclodex_B,50.0,1.0,3.0,56.7,20.0,0.0,0.0,0.0,0,0.0,0.0,0,0,0
740,741,CCC[C@H]([C@@H](C)O)O,22.4,Cyclodex_B,50.0,1.0,3.0,56.7,20.0,0.0,0.0,0.0,0,0.0,0.0,0,0,0
741,742,CCC[C@@H]([C@@H](C)O)O,23.2,Cyclodex_B,50.0,1.0,3.0,56.7,20.0,0.0,0.0,0.0,0,0.0,0.0,0,0,0
742,743,CCC[C@H]([C@H](C)O)O,23.5,Cyclodex_B,50.0,1.0,3.0,56.7,20.0,0.0,0.0,0.0,0,0.0,0.0,0,0,0
743,744,CC1=CC[C@H]2C[C@@H]1C2(C)C,25.4,Cyclodex_B,40.0,0.0,1.5,80.0,5.0,0.0,0.0,0.0,0,0.0,0.0,0,0,0
744,745,CC1=CC[C@@H]2C[C@H]1C2(C)C,26.25,Cyclodex_B,40.0,0.0,1.5,80.0,5.0,0.0,0.0,0.0,0,0.0,0.0,0,0,0
745,746,CC(C)[C@]12CCC(=C)[C@H]1C2,27.6,Cyclodex_B,40.0,0.0,1.5,80.0,5.0,0.0,0.0,0.0,0,0.0,0.0,0,0,0
746,747,CC(C)[C@@]12CCC(=C)[C@@H]1C2,28.95,Cyclodex_B,40.0,0.0,1.5,80.0,5.0,0.0,0.0,0.0,0,0.0,0.0,0,0,0
747,748,CC1([C@@H]2CC[C@@H](C2)C1=C)C,28.3,Cyclodex_B,40.0,0.0,1.5,80.0,5.0,0.0,0.0,0.0,0,0.0,0.0,0,0,0
748,749,CC1([C@H]2CC[C@H](C2)C1=C)C,29.6,Cyclodex_B,40.0,0.0,1.5,80.0,5.0,0.0,0.0,0.0,0,0.0,0.0,0,0,0
749,750,CC1([C@@H]2CCC(=C)[C@H]1C2)C,30.4,Cyclodex_B,40.0,0.0,1.5,80.0,5.0,0.0,0.0,0.0,0,0.0,0.0,0,0,0
750,751,CC1([C@H]2CCC(=C)[C@@H]1C2)C,30.8,Cyclodex_B,40.0,0.0,1.5,80.0,5.0,0.0,0.0,0.0,0,0.0,0.0,0,0,0
751,752,CC1=CC[C@H](CC1)C(=C)C,32.15,Cyclodex_B,40.0,0.0,1.5,80.0,5.0,0.0,0.0,0.0,0,0.0,0.0,0,0,0
752,753,CC1=CC[C@@H](CC1)C(=C)C,32.55,Cyclodex_B,40.0,0.0,1.5,80.0,5.0,0.0,0.0,0.0,0,0.0,0.0,0,0,0
753,754,CC1=CC[C@H]2C[C@@H]1C2(C)C,25.4,Cyclodex_B,40.0,5.0,1.5,93.3,0.0,0.0,0.0,0.0,0,0.0,0.0,0,0,0
754,755,CC1=CC[C@@H]2C[C@H]1C2(C)C,26.4,Cyclodex_B,40.0,5.0,1.5,93.3,0.0,0.0,0.0,0.0,0,0.0,0.0,0,0,0
755,756,CC1([C@@H]2CCC(=C)[C@H]1C2)C,30.2,Cyclodex_B,40.0,5.0,1.5,93.3,0.0,0.0,0.0,0.0,0,0.0,0.0,0,0,0
756,757,CC1([C@H]2CCC(=C)[C@@H]1C2)C,30.4,Cyclodex_B,40.0,5.0,1.5,93.3,0.0,0.0,0.0,0.0,0,0.0,0.0,0,0,0
757,758,CC(C)[C@@H]1CCC(=C)C=C1,33.8,Cyclodex_B,40.0,5.0,1.5,93.3,0.0,0.0,0.0,0.0,0,0.0,0.0,0,0,0
758,759,CC(C)[C@H]1CCC(=C)C=C1,34.2,Cyclodex_B,40.0,5.0,1.5,93.3,0.0,0.0,0.0,0.0,0,0.0,0.0,0,0,0
759,760,CC1=CC[C@H](CC1)[C@](C)(CCC=C(C)C)O,50.37,Cyclodex_B,50.0,5.0,5.0,4.0,0.0,2.5,52.0,0.0,0,0.0,0.0,0,0,0
760,761,CC1=CC[C@@H](CC1)[C@@](C)(CCC=C(C)C)O,50.48,Cyclodex_B,50.0,5.0,5.0,4.0,0.0,2.5,52.0,0.0,0,0.0,0.0,0,0,0
761,762,CC1=CC[C@H]2C[C@@H]1C2(C)C,22.7,Cyclodex_B,40.0,5.0,1.5,80.0,0.0,0.0,0.0,0.0,0,0.0,0.0,0,0,0
762,763,CC1=CC[C@@H]2C[C@H]1C2(C)C,23.5,Cyclodex_B,40.0,5.0,1.5,80.0,0.0,0.0,0.0,0.0,0,0.0,0.0,0,0,0
763,764,CC1([C@@H]2CC[C@@H](C2)C1=C)C,25.4,Cyclodex_B,40.0,5.0,1.5,80.0,0.0,0.0,0.0,0.0,0,0.0,0.0,0,0,0
764,765,CC1([C@H]2CC[C@H](C2)C1=C)C,26.1,Cyclodex_B,40.0,5.0,1.5,80.0,0.0,0.0,0.0,0.0,0,0.0,0.0,0,0,0
765,766,CC1([C@@H]2CCC(=C)[C@H]1C2)C,27.5,Cyclodex_B,40.0,5.0,1.5,80.0,0.0,0.0,0.0,0.0,0,0.0,0.0,0,0,0
766,767,CC1([C@H]2CCC(=C)[C@@H]1C2)C,27.9,Cyclodex_B,40.0,5.0,1.5,80.0,0.0,0.0,0.0,0.0,0,0.0,0.0,0,0,0
767,768,CC1=CC[C@H](CC1)C(=C)C,29.0,Cyclodex_B,40.0,5.0,1.5,80.0,0.0,0.0,0.0,0.0,0,0.0,0.0,0,0,0
768,769,CC1=CC[C@@H](CC1)C(=C)C,29.4,Cyclodex_B,40.0,5.0,1.5,80.0,0.0,0.0,0.0,0.0,0,0.0,0.0,0,0,0
769,770,CC(C)[C@@H]1CCC(=C)C=C1,30.3,Cyclodex_B,40.0,5.0,1.5,80.0,0.0,0.0,0.0,0.0,0,0.0,0.0,0,0,0
770,771,CC(C)[C@H]1CCC(=C)C=C1,30.5,Cyclodex_B,40.0,5.0,1.5,80.0,0.0,0.0,0.0,0.0,0,0.0,0.0,0,0,0
771,772,[H][C@]1(C(=C)Cl)CO1,6.5,Cyclodex_B,40.0,1.0,5.0,2.0,7.0,0.0,0.0,0.0,0,0.0,0.0,0,0,0
772,773,[H][C@@]1(C(=C)Cl)CO1,6.65,Cyclodex_B,40.0,1.0,5.0,2.0,7.0,0.0,0.0,0.0,0,0.0,0.0,0,0,0
773,774,CC[C@H](OC(C)=O)C(C)C,24.68,Cyclodex_B,40.0,1.0,1.0,60.0,0.0,0.0,0.0,0.0,0,0.0,0.0,0,0,0
774,775,CC[C@@H](OC(C)=O)C(C)C,25.91,Cyclodex_B,40.0,1.0,1.0,60.0,0.0,0.0,0.0,0.0,0,0.0,0.0,0,0,0
775,776,O=C1OCC(C)(C)[C@@H]1O,10.6,Cyclodex_B,124.85,0.0,0.0,0.0,0.0,0.0,0.0,0.0,0,0.0,0.0,0,0,0
776,777,O=C1OCC(C)(C)[C@H]1O,11.2,Cyclodex_B,124.85,0.0,0.0,0.0,0.0,0.0,0.0,0.0,0,0.0,0.0,0,0,0
777,778,C(=O)(O[C@@]([H])(C)C/C=C\C/C=C\CCCCC)C,19.9,Cyclodex_B,150.0,0.0,0.0,0.0,0.0,0.0,0.0,0.0,0,0.0,0.0,0,0,0
778,779,C(=O)(O[C@]([H])(C)C/C=C\C/C=C\CCCCC)C,20.4,Cyclodex_B,150.0,0.0,0.0,0.0,0.0,0.0,0.0,0.0,0,0.0,0.0,0,0,0
779,780,CC1=CC[C@H](CC1)C(=C)C,14.75,Cyclodex_B,40.0,2.0,4.0,47.5,0.0,0.0,0.0,0.0,0,0.0,0.0,0,0,0
780,781,CC1=CC[C@@H](CC1)C(=C)C,14.95,Cyclodex_B,40.0,2.0,4.0,47.5,0.0,0.0,0.0,0.0,0,0.0,0.0,0,0,0
781,782,CC(=O)O[C@H](C)CC/C=C(\C)CCC=C(C)C,51.33,Cyclodex_B,50.0,1.0,2.5,60.0,5.0,0.0,0.0,0.0,0,0.0,0.0,0,0,0
782,783,CC(=O)O[C@@H](C)CC/C=C(\C)CCC=C(C)C,51.72,Cyclodex_B,50.0,1.0,2.5,60.0,5.0,0.0,0.0,0.0,0,0.0,0.0,0,0,0
783,784,CC[C@H](CC(=O)OC)C(C)C,23.05,Cyclodex_B,30.0,1.0,15.0,2.3,21.67,10.0,17.5,0.0,0,0.0,0.0,0,0,0
784,785,CC[C@@H](CC(=O)OC)C(C)C,22.72,Cyclodex_B,30.0,1.0,15.0,2.3,21.67,10.0,17.5,0.0,0,0.0,0.0,0,0,0
785,786,CCC[C@@H](O)C(C)=O,10.56,Cyclodex_B,50.0,1.0,5.0,16.0,10.0,0.0,0.0,0.0,0,0.0,0.0,0,0,0
786,787,CCC[C@H](O)C(C)=O,11.1,Cyclodex_B,50.0,1.0,5.0,16.0,10.0,0.0,0.0,0.0,0,0.0,0.0,0,0,0
787,788,CC[C@@H](C)CO,13.74,Cyclodex_B,40.0,10.0,5.0,32.0,0.0,0.0,0.0,0.0,0,0.0,0.0,0,0,0
788,789,CC[C@H](C)CO,13.87,Cyclodex_B,40.0,10.0,5.0,32.0,0.0,0.0,0.0,0.0,0,0.0,0.0,0,0,0
789,790,O(C(=O)[C@H](O)C1=CC=CC=C1)C,29.9,Cyclodex_B,109.85,0.0,0.0,0.0,0.0,0.0,0.0,0.0,0,0.0,0.0,0,0,0
790,791,O(C(=O)[C@@H](O)C1=CC=CC=C1)C,30.9,Cyclodex_B,109.85,0.0,0.0,0.0,0.0,0.0,0.0,0.0,0,0.0,0.0,0,0,0
791,792,[C@H](O)(C(OC)OC)C,8.6,Cyclodex_B,64.85,0.0,0.0,0.0,0.0,0.0,0.0,0.0,0,0.0,0.0,0,0,0
792,793,[C@@H](O)(C(OC)OC)C,9.1,Cyclodex_B,64.85,0.0,0.0,0.0,0.0,0.0,0.0,0.0,0,0.0,0.0,0,0,0
793,794,C(=C/C([C@@H](/C=C(C)\C=C\C)C)=O)\C,23.2,Cyclodex_B,120.0,0.0,0.0,0.0,0.0,0.0,0.0,0.0,0,0.0,0.0,0,0,0
794,795,C(=C/C([C@H](/C=C(C)\C=C\C)C)=O)\C,24.0,Cyclodex_B,120.0,0.0,0.0,0.0,0.0,0.0,0.0,0.0,0,0.0,0.0,0,0,0
795,796,C/C=C/C(=O)[C@H](C)/C=C(C)/C=C/C,29.8,Cyclodex_B,120.0,0.0,0.0,0.0,0.0,0.0,0.0,0.0,0,0.0,0.0,0,0,0
796,797,C/C=C/C(=O)[C@@H](C)/C=C(C)/C=C/C,30.5,Cyclodex_B,120.0,0.0,0.0,0.0,0.0,0.0,0.0,0.0,0,0.0,0.0,0,0,0
797,798,C(=C/C([C@@H](/C=C(C)\C=C\C)C)=O)\C,20.0,Cyclodex_B,135.0,0.0,0.0,0.0,0.0,0.0,0.0,0.0,0,0.0,0.0,0,0,0
798,799,C(=C/C([C@H](/C=C(C)\C=C\C)C)=O)\C,20.3,Cyclodex_B,135.0,0.0,0.0,0.0,0.0,0.0,0.0,0.0,0,0.0,0.0,0,0,0
799,800,C/C=C/C(=O)[C@H](C)/C=C(C)/C=C/C,23.1,Cyclodex_B,135.0,0.0,0.0,0.0,0.0,0.0,0.0,0.0,0,0.0,0.0,0,0,0
800,801,C/C=C/C(=O)[C@@H](C)/C=C(C)/C=C/C,23.3,Cyclodex_B,135.0,0.0,0.0,0.0,0.0,0.0,0.0,0.0,0,0.0,0.0,0,0,0
801,802,CCCCCC[C@@H]1CCC(=O)O1,31.35,Cyclodex_B,130.0,0.0,0.0,0.0,0.0,0.0,0.0,0.0,0,0.0,0.0,0,0,0
802,803,CCCCCC[C@H]1CCC(=O)O1,31.63,Cyclodex_B,130.0,0.0,0.0,0.0,0.0,0.0,0.0,0.0,0,0.0,0.0,0,0,0
803,804,CCCCCCCC[C@@H]1CCC(=O)O1,65.9,Cyclodex_B,135.0,0.0,0.0,0.0,0.0,0.0,0.0,0.0,0,0.0,0.0,0,0,0
804,805,CCCCCCCC[C@H]1CCC(=O)O1,66.38,Cyclodex_B,135.0,0.0,0.0,0.0,0.0,0.0,0.0,0.0,0,0.0,0.0,0,0,0
805,806,CC[C@H](C)COC(=O)C,22.86,Cyclodex_B,30.0,12.0,3.0,23.3,0.0,5.0,10.0,0.0,15,4.7,10.0,0,0,0
806,807,CC[C@@H](C)COC(=O)C,23.13,Cyclodex_B,30.0,12.0,3.0,23.3,0.0,5.0,10.0,0.0,15,4.7,10.0,0,0,0
807,808,O=C1OCC(C)(C)[C@@H]1O,10.6,Cyclodex_B,124.85,0.0,0.0,0.0,0.0,0.0,0.0,0.0,0,0.0,0.0,0,0,0
808,809,O=C1OCC(C)(C)[C@H]1O,11.2,Cyclodex_B,124.85,0.0,0.0,0.0,0.0,0.0,0.0,0.0,0,0.0,0.0,0,0,0
809,810,[C@H](O)(C(OC)OC)C,9.4,Cyclodex_B,64.85,0.0,0.0,0.0,0.0,0.0,0.0,0.0,0,0.0,0.0,0,0,0
810,811,[C@@H](O)(C(OC)OC)C,9.9,Cyclodex_B,64.85,0.0,0.0,0.0,0.0,0.0,0.0,0.0,0,0.0,0.0,0,0,0
811,812,[H][C@](O)(C1=CC=CC=C1)C(F)(F)F,25.0,Cyclodex_B,69.85,5.0,5.0,9.0,18.0,0.0,0.0,0.0,0,0.0,0.0,0,0,0
812,813,[H][C@@](O)(C1=CC=CC=C1)C(F)(F)F,25.9,Cyclodex_B,69.85,5.0,5.0,9.0,18.0,0.0,0.0,0.0,0,0.0,0.0,0,0,0
813,814,C=C[C@]1(C)CC[C@@H](O)C(C)(C)O1,14.6,Cyclodex_B,110.0,11.5,5.0,2.0,20.0,0.0,0.0,0.0,0,0.0,0.0,0,0,0
814,815,C=C[C@@]1(C)CC[C@H](O)C(C)(C)O1,14.95,Cyclodex_B,110.0,11.5,5.0,2.0,20.0,0.0,0.0,0.0,0,0.0,0.0,0,0,0
815,816,C=C[C@]1(C)CC[C@H](O)C(C)(C)O1,15.25,Cyclodex_B,110.0,11.5,5.0,2.0,20.0,0.0,0.0,0.0,0,0.0,0.0,0,0,0
816,817,C=C[C@@]1(C)CC[C@@H](O)C(C)(C)O1,15.6,Cyclodex_B,110.0,11.5,5.0,2.0,20.0,0.0,0.0,0.0,0,0.0,0.0,0,0,0
817,818,C=C[C@]1(C)CC[C@@H](O)C(C)(C)O1,15.5,Cyclodex_B,80.0,1.0,5.0,8.0,20.0,0.0,0.0,0.0,0,0.0,0.0,0,0,0
818,819,C=C[C@@]1(C)CC[C@H](O)C(C)(C)O1,15.8,Cyclodex_B,80.0,1.0,5.0,8.0,20.0,0.0,0.0,0.0,0,0.0,0.0,0,0,0
819,820,C=C[C@]1(C)CC[C@H](O)C(C)(C)O1,16.2,Cyclodex_B,80.0,1.0,5.0,8.0,20.0,0.0,0.0,0.0,0,0.0,0.0,0,0,0
820,821,C=C[C@@]1(C)CC[C@@H](O)C(C)(C)O1,16.55,Cyclodex_B,80.0,1.0,5.0,8.0,20.0,0.0,0.0,0.0,0,0.0,0.0,0,0,0
821,822,O=C1OCC(C)(C)[C@@H]1O,10.6,Cyclodex_B,124.85,0.0,0.0,0.0,0.0,0.0,0.0,0.0,0,0.0,0.0,0,0,0
822,823,O=C1OCC(C)(C)[C@H]1O,11.2,Cyclodex_B,124.85,0.0,0.0,0.0,0.0,0.0,0.0,0.0,0,0.0,0.0,0,0,0
823,824,O(C(=O)[C@H](O)C1=CC=CC=C1)C,29.9,Cyclodex_B,109.85,0.0,0.0,0.0,0.0,0.0,0.0,0.0,0,0.0,0.0,0,0,0
824,825,O(C(=O)[C@@H](O)C1=CC=CC=C1)C,30.9,Cyclodex_B,109.85,0.0,0.0,0.0,0.0,0.0,0.0,0.0,0,0.0,0.0,0,0,0
825,826,[C@H](O)(C(OC)OC)C,8.6,Cyclodex_B,64.85,0.0,0.0,0.0,0.0,0.0,0.0,0.0,0,0.0,0.0,0,0,0
826,827,[C@@H](O)(C(OC)OC)C,9.1,Cyclodex_B,64.85,0.0,0.0,0.0,0.0,0.0,0.0,0.0,0,0.0,0.0,0,0,0
827,828,C[C@H](C1=CC=C(C=C1)F)O,14.8,Cyclodex_B,135.0,0.0,0.0,0.0,0.0,0.0,0.0,0.0,0,0.0,0.0,0,0,0
828,829,C[C@@H](C1=CC=C(C=C1)F)O,15.3,Cyclodex_B,135.0,0.0,0.0,0.0,0.0,0.0,0.0,0.0,0,0.0,0.0,0,0,0
829,830,C[C@H](C1=CC=C(C=C1)C(F)(F)F)O,18.1,Cyclodex_B,135.0,0.0,0.0,0.0,0.0,0.0,0.0,0.0,0,0.0,0.0,0,0,0
830,831,C[C@@H](C1=CC=C(C=C1)C(F)(F)F)O,19.0,Cyclodex_B,135.0,0.0,0.0,0.0,0.0,0.0,0.0,0.0,0,0.0,0.0,0,0,0
831,832,C[C@H](C1=C(C=C(C=C1)C(F)(F)F)C(F)(F)F)O,13.4,Cyclodex_B,135.0,0.0,0.0,0.0,0.0,0.0,0.0,0.0,0,0.0,0.0,0,0,0
832,833,C[C@@H](C1=C(C=C(C=C1)C(F)(F)F)C(F)(F)F)O,12.9,Cyclodex_B,135.0,0.0,0.0,0.0,0.0,0.0,0.0,0.0,0,0.0,0.0,0,0,0
833,834,C[C@H](C1=CC=CC=C1Cl)O,16.5,Cyclodex_B,135.0,0.0,0.0,0.0,0.0,0.0,0.0,0.0,0,0.0,0.0,0,0,0
834,835,C[C@@H](C1=CC=CC=C1Cl)O,17.6,Cyclodex_B,135.0,0.0,0.0,0.0,0.0,0.0,0.0,0.0,0,0.0,0.0,0,0,0
835,836,C[C@H](C1=CC2=CC=CC=C2C=C1)O,32.6,Cyclodex_B,160.0,0.0,0.0,0.0,0.0,0.0,0.0,0.0,0,0.0,0.0,0,0,0
836,837,C[C@@H](C1=CC2=CC=CC=C2C=C1)O,33.1,Cyclodex_B,160.0,0.0,0.0,0.0,0.0,0.0,0.0,0.0,0,0.0,0.0,0,0,0
837,838,C[C@H](C1=CC=NC=C1)O,32.4,Cyclodex_B,135.0,0.0,0.0,0.0,0.0,0.0,0.0,0.0,0,0.0,0.0,0,0,0
838,839,C[C@@H](C1=CC=NC=C1)O,33.2,Cyclodex_B,135.0,0.0,0.0,0.0,0.0,0.0,0.0,0.0,0,0.0,0.0,0,0,0
839,840,C[C@H](C1=CN=CC=C1)O,29.0,Cyclodex_B,135.0,0.0,0.0,0.0,0.0,0.0,0.0,0.0,0,0.0,0.0,0,0,0
840,841,C[C@@H](C1=CN=CC=C1)O,29.9,Cyclodex_B,135.0,0.0,0.0,0.0,0.0,0.0,0.0,0.0,0,0.0,0.0,0,0,0
841,842,C[C@H](C1=CSC=C1)O,35.7,Cyclodex_B,115.0,0.0,0.0,0.0,0.0,0.0,0.0,0.0,0,0.0,0.0,0,0,0
842,843,C[C@@H](C1=CSC=C1)O,37.0,Cyclodex_B,115.0,0.0,0.0,0.0,0.0,0.0,0.0,0.0,0,0.0,0.0,0,0,0
843,844,CCCCC[C@@H](C)O,35.4,Cyclodex_B,80.0,0.0,0.0,0.0,0.0,0.0,0.0,0.0,0,0.0,0.0,0,0,0
844,845,CCCCC[C@H](C)O,40.8,Cyclodex_B,80.0,0.0,0.0,0.0,0.0,0.0,0.0,0.0,0,0.0,0.0,0,0,0
845,846,[H][C@](O)(C1=CC=CC=C1)C(F)(F)F,25.0,Cyclodex_B,69.85,5.0,5.0,9.0,18.0,0.0,0.0,0.0,0,0.0,0.0,0,0,0
846,847,[H][C@@](O)(C1=CC=CC=C1)C(F)(F)F,25.9,Cyclodex_B,69.85,5.0,5.0,9.0,18.0,0.0,0.0,0.0,0,0.0,0.0,0,0,0
847,848,CN1CCC[C@@H]1C2=CN=CC=C2,73.96,Cyclodex_B,70.0,2.0,0.5,80.0,0.0,50.0,2.2,30.0,0,0.0,0.0,0,0,0
848,849,CN1CCC[C@H]1C2=CN=CC=C2,73.41,Cyclodex_B,70.0,2.0,0.5,80.0,0.0,50.0,2.2,30.0,0,0.0,0.0,0,0,0
849,850,ClC[C@@H](Br)CBr,9.215,Cyclodex_B,40.0,2.0,20.0,6.0,1.0,1.0,80.0,30.0,0,0.0,0.0,0,0,0
850,851,ClC[C@H](Br)CBr,9.215,Cyclodex_B,40.0,2.0,20.0,6.0,1.0,1.0,80.0,30.0,0,0.0,0.0,0,0,0
851,852,CCOP(=S)(OCC)O[C@@H](Cl)C(Cl)(Cl)Cl,19.155,Cyclodex_B,40.0,2.0,20.0,6.0,1.0,1.0,80.0,30.0,0,0.0,0.0,0,0,0
852,853,CCOP(=S)(OCC)O[C@H](Cl)C(Cl)(Cl)Cl,19.155,Cyclodex_B,40.0,2.0,20.0,6.0,1.0,1.0,80.0,30.0,0,0.0,0.0,0,0,0
853,854,COP(=O)(OC)OC1=C(Cl)[C@H]2C=CC[C@H]12,20.758,Cyclodex_B,40.0,2.0,20.0,6.0,1.0,1.0,80.0,30.0,0,0.0,0.0,0,0,0
854,855,COP(=O)(OC)OC1=C(Cl)[C@@H]2C=CC[C@H]12,20.758,Cyclodex_B,40.0,2.0,20.0,6.0,1.0,1.0,80.0,30.0,0,0.0,0.0,0,0,0
855,856,COP(=O)(OC)OC1=C(Cl)[C@H]2C=CC[C@@H]12,20.758,Cyclodex_B,40.0,2.0,20.0,6.0,1.0,1.0,80.0,30.0,0,0.0,0.0,0,0,0
856,857,COP(=O)(OC)OC1=C(Cl)[C@@H]2C=CC[C@@H]12,20.758,Cyclodex_B,40.0,2.0,20.0,6.0,1.0,1.0,80.0,30.0,0,0.0,0.0,0,0,0
857,858,CCO[P@](=S)(CC)Sc1ccccc1,29.642,Cyclodex_B,40.0,2.0,20.0,6.0,1.0,1.0,80.0,30.0,0,0.0,0.0,0,0,0
858,859,CCO[P@@](=S)(CC)Sc1ccccc1,29.642,Cyclodex_B,40.0,2.0,20.0,6.0,1.0,1.0,80.0,30.0,0,0.0,0.0,0,0,0
859,860,CO[P@]1(=S)OCc2ccccc2O1,28.589,Cyclodex_B,40.0,2.0,20.0,6.0,1.0,1.0,80.0,30.0,0,0.0,0.0,0,0,0
860,861,CO[P@@]1(=S)OCc2ccccc2O1,28.589,Cyclodex_B,40.0,2.0,20.0,6.0,1.0,1.0,80.0,30.0,0,0.0,0.0,0,0,0
861,862,C=C[C@@]1(C)OC(=O)N(c2cc(Cl)cc(Cl)c2)C1=O,40.551,Cyclodex_B,40.0,2.0,20.0,6.0,1.0,1.0,80.0,30.0,0,0.0,0.0,0,0,0
862,863,C=C[C@]1(C)OC(=O)N(c2cc(Cl)cc(Cl)c2)C1=O,40.551,Cyclodex_B,40.0,2.0,20.0,6.0,1.0,1.0,80.0,30.0,0,0.0,0.0,0,0,0
863,864,CCOC(=O)C[C@@H](SP(=S)(OC)OC)C(=O)OCC,46.307,Cyclodex_B,40.0,2.0,20.0,6.0,1.0,1.0,80.0,30.0,0,0.0,0.0,0,0,0
864,865,CCOC(=O)C[C@H](SP(=S)(OC)OC)C(=O)OCC,46.307,Cyclodex_B,40.0,2.0,20.0,6.0,1.0,1.0,80.0,30.0,0,0.0,0.0,0,0,0
865,866,CCO[C@H]1Oc2ccc(OS(C)(=O)=O)cc2C1(C)C,49.087,Cyclodex_B,40.0,2.0,20.0,6.0,1.0,1.0,80.0,30.0,0,0.0,0.0,0,0,0
866,867,CCO[C@@H]1Oc2ccc(OS(C)(=O)=O)cc2C1(C)C,49.087,Cyclodex_B,40.0,2.0,20.0,6.0,1.0,1.0,80.0,30.0,0,0.0,0.0,0,0,0
867,868,CCOC(=O)[C@@H](SP(=S)(OC)OC)c1ccccc1,52.954,Cyclodex_B,40.0,2.0,20.0,6.0,1.0,1.0,80.0,30.0,0,0.0,0.0,0,0,0
868,869,CCOC(=O)[C@H](SP(=S)(OC)OC)c1ccccc1,52.954,Cyclodex_B,40.0,2.0,20.0,6.0,1.0,1.0,80.0,30.0,0,0.0,0.0,0,0,0
869,870,CCOC(=O)[C@]1(C)OC(=O)N(c2cc(Cl)cc(Cl)c2)C1=O,55.821,Cyclodex_B,40.0,2.0,20.0,6.0,1.0,1.0,80.0,30.0,0,0.0,0.0,0,0,0
870,871,CCOC(=O)[C@@]1(C)OC(=O)N(c2cc(Cl)cc(Cl)c2)C1=O,55.821,Cyclodex_B,40.0,2.0,20.0,6.0,1.0,1.0,80.0,30.0,0,0.0,0.0,0,0,0
871,872,CCCS[P@](=S)(OCC)Oc1ccc(Cl)cc1Cl,54.797,Cyclodex_B,40.0,2.0,20.0,6.0,1.0,1.0,80.0,30.0,0,0.0,0.0,0,0,0
872,873,CCCS[P@@](=S)(OCC)Oc1ccc(Cl)cc1Cl,54.797,Cyclodex_B,40.0,2.0,20.0,6.0,1.0,1.0,80.0,30.0,0,0.0,0.0,0,0,0
873,874,FC(F)C(F)(F)OC[C@@H](Cn1cncn1)c1ccc(Cl)cc1Cl,58.003,Cyclodex_B,40.0,2.0,20.0,6.0,1.0,1.0,80.0,30.0,0,0.0,0.0,0,0,0
874,875,FC(F)C(F)(F)OC[C@H](Cn1cncn1)c1ccc(Cl)cc1Cl,58.003,Cyclodex_B,40.0,2.0,20.0,6.0,1.0,1.0,80.0,30.0,0,0.0,0.0,0,0,0
875,876,C[C@@]12C[C@]1(C)C(=O)N(c1cc(Cl)cc(Cl)c1)C2=O,58.259,Cyclodex_B,40.0,2.0,20.0,6.0,1.0,1.0,80.0,30.0,0,0.0,0.0,0,0,0
876,877,C[C@@]12C[C@@]1(C)C(=O)N(c1cc(Cl)cc(Cl)c1)C2=O,58.259,Cyclodex_B,40.0,2.0,20.0,6.0,1.0,1.0,80.0,30.0,0,0.0,0.0,0,0,0
877,878,C[C@]12C[C@]1(C)C(=O)N(c1cc(Cl)cc(Cl)c1)C2=O,58.259,Cyclodex_B,40.0,2.0,20.0,6.0,1.0,1.0,80.0,30.0,0,0.0,0.0,0,0,0
878,879,C[C@]12C[C@@]1(C)C(=O)N(c1cc(Cl)cc(Cl)c1)C2=O,58.259,Cyclodex_B,40.0,2.0,20.0,6.0,1.0,1.0,80.0,30.0,0,0.0,0.0,0,0,0
879,880,CCN(CC)C(=O)[C@H](C)Oc1cccc2ccccc12,58.953,Cyclodex_B,40.0,2.0,20.0,6.0,1.0,1.0,80.0,30.0,0,0.0,0.0,0,0,0
880,881,CCN(CC)C(=O)[C@@H](C)Oc1cccc2ccccc12,58.953,Cyclodex_B,40.0,2.0,20.0,6.0,1.0,1.0,80.0,30.0,0,0.0,0.0,0,0,0
881,882,CCO[P@@](=S)(N[C@@H](C)CC)Oc1cc(C)ccc1[N+](=O)[O-],61.058,Cyclodex_B,40.0,2.0,20.0,6.0,1.0,1.0,80.0,30.0,0,0.0,0.0,0,0,0
882,883,CCO[P@@](=S)(N[C@H](C)CC)Oc1cc(C)ccc1[N+](=O)[O-],61.058,Cyclodex_B,40.0,2.0,20.0,6.0,1.0,1.0,80.0,30.0,0,0.0,0.0,0,0,0
883,884,CCO[P@](=S)(N[C@@H](C)CC)Oc1cc(C)ccc1[N+](=O)[O-],61.058,Cyclodex_B,40.0,2.0,20.0,6.0,1.0,1.0,80.0,30.0,0,0.0,0.0,0,0,0
884,885,CCO[P@](=S)(N[C@H](C)CC)Oc1cc(C)ccc1[N+](=O)[O-],61.058,Cyclodex_B,40.0,2.0,20.0,6.0,1.0,1.0,80.0,30.0,0,0.0,0.0,0,0,0
885,886,CCCS[P@](=O)(OCC)Oc1ccc(Br)cc1Cl,58.657,Cyclodex_B,40.0,2.0,20.0,6.0,1.0,1.0,80.0,30.0,0,0.0,0.0,0,0,0
886,887,CCCS[P@@](=O)(OCC)Oc1ccc(Br)cc1Cl,58.657,Cyclodex_B,40.0,2.0,20.0,6.0,1.0,1.0,80.0,30.0,0,0.0,0.0,0,0,0
887,888,O=C1[C@H](Cl)[C@H](CCl)CN1c1cccc(C(F)(F)F)c1,61.771,Cyclodex_B,40.0,2.0,20.0,6.0,1.0,1.0,80.0,30.0,0,0.0,0.0,0,0,0
888,889,O=C1[C@H](Cl)[C@@H](CCl)CN1c1cccc(C(F)(F)F)c1,61.771,Cyclodex_B,40.0,2.0,20.0,6.0,1.0,1.0,80.0,30.0,0,0.0,0.0,0,0,0
889,890,O=C1[C@@H](Cl)[C@H](CCl)CN1c1cccc(C(F)(F)F)c1,61.771,Cyclodex_B,40.0,2.0,20.0,6.0,1.0,1.0,80.0,30.0,0,0.0,0.0,0,0,0
890,891,O=C1[C@@H](Cl)[C@@H](CCl)CN1c1cccc(C(F)(F)F)c1,61.771,Cyclodex_B,40.0,2.0,20.0,6.0,1.0,1.0,80.0,30.0,0,0.0,0.0,0,0,0
891,892,CCCC[C@](O)(Cn1cncn1)c1ccc(Cl)cc1Cl,61.999,Cyclodex_B,40.0,2.0,20.0,6.0,1.0,1.0,80.0,30.0,0,0.0,0.0,0,0,0
892,893,CCCC[C@@](O)(Cn1cncn1)c1ccc(Cl)cc1Cl,61.999,Cyclodex_B,40.0,2.0,20.0,6.0,1.0,1.0,80.0,30.0,0,0.0,0.0,0,0,0
893,894,CC(C)(C)[C@@H](O)[C@H](Cc1ccc(Cl)cc1Cl)n1cncn1,66.511,Cyclodex_B,40.0,2.0,20.0,6.0,1.0,1.0,80.0,30.0,0,0.0,0.0,0,0,0
894,895,CC(C)(C)[C@H](O)[C@H](Cc1ccc(Cl)cc1Cl)n1cncn1,66.511,Cyclodex_B,40.0,2.0,20.0,6.0,1.0,1.0,80.0,30.0,0,0.0,0.0,0,0,0
895,896,CC(C)(C)[C@@H](O)[C@@H](Cc1ccc(Cl)cc1Cl)n1cncn1,66.511,Cyclodex_B,40.0,2.0,20.0,6.0,1.0,1.0,80.0,30.0,0,0.0,0.0,0,0,0
896,897,CC(C)(C)[C@H](O)[C@@H](Cc1ccc(Cl)cc1Cl)n1cncn1,66.511,Cyclodex_B,40.0,2.0,20.0,6.0,1.0,1.0,80.0,30.0,0,0.0,0.0,0,0,0
897,898,COC(=O)[C@@H](C)N(C(=O)Cc1ccccc1)c1c(C)cccc1C,71.884,Cyclodex_B,40.0,2.0,20.0,6.0,1.0,1.0,80.0,30.0,0,0.0,0.0,0,0,0
898,899,COC(=O)[C@H](C)N(C(=O)Cc1ccccc1)c1c(C)cccc1C,71.884,Cyclodex_B,40.0,2.0,20.0,6.0,1.0,1.0,80.0,30.0,0,0.0,0.0,0,0,0
899,900,N#Cc1nn(-c2c(Cl)cc(C(F)(F)F)cc2Cl)c(N)c1[S@](=O)C(F)(F)F,77.739,Cyclodex_B,40.0,2.0,20.0,6.0,1.0,1.0,80.0,30.0,0,0.0,0.0,0,0,0
900,901,CC(C)C[C@H](C)c1sccc1NC(=O)c1cn(C)nc1C(F)(F)F,76.832,Cyclodex_B,40.0,2.0,20.0,6.0,1.0,1.0,80.0,30.0,0,0.0,0.0,0,0,0
901,902,CC(C)C[C@@H](C)c1sccc1NC(=O)c1cn(C)nc1C(F)(F)F,76.832,Cyclodex_B,40.0,2.0,20.0,6.0,1.0,1.0,80.0,30.0,0,0.0,0.0,0,0,0
902,903,N#Cc1nn(-c2c(Cl)cc(C(F)(F)F)cc2Cl)c(N)c1[S@@](=O)C(F)(F)F,78.19,Cyclodex_B,40.0,2.0,20.0,6.0,1.0,1.0,80.0,30.0,0,0.0,0.0,0,0,0
903,904,CC(=C[C@@H]1[C@H](C1(C)C)C(=O)OCC2=COC(=C2)CC3=CC=CC=C3)C,72.858,Cyclodex_B,40.0,2.0,20.0,6.0,1.0,1.0,80.0,30.0,0,0.0,0.0,0,0,0
904,905,CC(=C[C@H]1[C@H](C1(C)C)C(=O)OCC2=COC(=C2)CC3=CC=CC=C3)C,72.858,Cyclodex_B,40.0,2.0,20.0,6.0,1.0,1.0,80.0,30.0,0,0.0,0.0,0,0,0
905,906,CC(=C[C@@H]1[C@@H](C1(C)C)C(=O)OCC2=COC(=C2)CC3=CC=CC=C3)C,72.858,Cyclodex_B,40.0,2.0,20.0,6.0,1.0,1.0,80.0,30.0,0,0.0,0.0,0,0,0
906,907,CC(=C[C@H]1[C@@H](C1(C)C)C(=O)OCC2=COC(=C2)CC3=CC=CC=C3)C,72.858,Cyclodex_B,40.0,2.0,20.0,6.0,1.0,1.0,80.0,30.0,0,0.0,0.0,0,0,0
907,908,CCOP(=S)(OCC)Oc1ccc([S@@](C)=O)cc1,77.107,Cyclodex_B,40.0,2.0,20.0,6.0,1.0,1.0,80.0,30.0,0,0.0,0.0,0,0,0
908,909,CCOP(=S)(OCC)Oc1ccc([S@](C)=O)cc1,77.107,Cyclodex_B,40.0,2.0,20.0,6.0,1.0,1.0,80.0,30.0,0,0.0,0.0,0,0,0
909,910,COC(=O)[C@@H](C)Oc1ccc(Oc2ccc(Cl)cc2Cl)cc1,76.271,Cyclodex_B,40.0,2.0,20.0,6.0,1.0,1.0,80.0,30.0,0,0.0,0.0,0,0,0
910,911,COC(=O)[C@H](C)Oc1ccc(Oc2ccc(Cl)cc2Cl)cc1,76.271,Cyclodex_B,40.0,2.0,20.0,6.0,1.0,1.0,80.0,30.0,0,0.0,0.0,0,0,0
911,912,C#CCOC(=O)[C@@H](C)Oc1ccc(Oc2ncc(Cl)cc2F)cc1,77.486,Cyclodex_B,40.0,2.0,20.0,6.0,1.0,1.0,80.0,30.0,0,0.0,0.0,0,0,0
912,913,C#CCOC(=O)[C@H](C)Oc1ccc(Oc2ncc(Cl)cc2F)cc1,77.486,Cyclodex_B,40.0,2.0,20.0,6.0,1.0,1.0,80.0,30.0,0,0.0,0.0,0,0,0
913,914,CCO[P@@](=S)(Oc1ccc(C#N)cc1)c1ccccc1,78.49,Cyclodex_B,40.0,2.0,20.0,6.0,1.0,1.0,80.0,30.0,0,0.0,0.0,0,0,0
914,915,CCO[P@](=S)(Oc1ccc(C#N)cc1)c1ccccc1,78.49,Cyclodex_B,40.0,2.0,20.0,6.0,1.0,1.0,80.0,30.0,0,0.0,0.0,0,0,0
915,916,CCCCC[C@H](C)OC(=O)COc1ccc(Cl)c2cccnc12,81.956,Cyclodex_B,40.0,2.0,20.0,6.0,1.0,1.0,80.0,30.0,0,0.0,0.0,0,0,0
916,917,CCCCC[C@@H](C)OC(=O)COc1ccc(Cl)c2cccnc12,81.956,Cyclodex_B,40.0,2.0,20.0,6.0,1.0,1.0,80.0,30.0,0,0.0,0.0,0,0,0
917,918,CC(C)=C[C@@H]1[C@@H](C(=O)OCN2C(=O)C3=C(CCCC3)C2=O)C1(C)C,83.269,Cyclodex_B,40.0,2.0,20.0,6.0,1.0,1.0,80.0,30.0,0,0.0,0.0,0,0,0
918,919,CC(C)=C[C@H]1[C@@H](C(=O)OCN2C(=O)C3=C(CCCC3)C2=O)C1(C)C,83.269,Cyclodex_B,40.0,2.0,20.0,6.0,1.0,1.0,80.0,30.0,0,0.0,0.0,0,0,0
919,920,CCCOP(=S)(OCCC)SCC(=O)N1CCCC[C@@H]1C,85.777,Cyclodex_B,40.0,2.0,20.0,6.0,1.0,1.0,80.0,30.0,0,0.0,0.0,0,0,0
920,921,CCCOP(=S)(OCCC)SCC(=O)N1CCCC[C@H]1C,85.777,Cyclodex_B,40.0,2.0,20.0,6.0,1.0,1.0,80.0,30.0,0,0.0,0.0,0,0,0
921,922,CC1(C)C(C(=O)O[C@H](C#N)c2cccc(Oc3ccccc3)c2)C1(C)C,84.057,Cyclodex_B,40.0,2.0,20.0,6.0,1.0,1.0,80.0,30.0,0,0.0,0.0,0,0,0
922,923,CC1(C)C(C(=O)O[C@@H](C#N)c2cccc(Oc3ccccc3)c2)C1(C)C,84.057,Cyclodex_B,40.0,2.0,20.0,6.0,1.0,1.0,80.0,30.0,0,0.0,0.0,0,0,0
923,924,CC(C)=C[C@@H]1[C@H](C(=O)OCN2C(=O)C3=C(CCCC3)C2=O)C1(C)C,84.652,Cyclodex_B,40.0,2.0,20.0,6.0,1.0,1.0,80.0,30.0,0,0.0,0.0,0,0,0
924,925,CC(C)=C[C@H]1[C@H](C(=O)OCN2C(=O)C3=C(CCCC3)C2=O)C1(C)C,84.652,Cyclodex_B,40.0,2.0,20.0,6.0,1.0,1.0,80.0,30.0,0,0.0,0.0,0,0,0
925,926,CCO[P@@](=S)(Oc1ccc([N+](=O)[O-])cc1)c1ccccc1,86.868,Cyclodex_B,40.0,2.0,20.0,6.0,1.0,1.0,80.0,30.0,0,0.0,0.0,0,0,0
926,927,CCO[P@](=S)(Oc1ccc([N+](=O)[O-])cc1)c1ccccc1,86.868,Cyclodex_B,40.0,2.0,20.0,6.0,1.0,1.0,80.0,30.0,0,0.0,0.0,0,0,0
927,928,CC1(C)CC[C@@H](Cc2ccc(Cl)cc2)[C@@]1(O)Cn1cncn1,93.684,Cyclodex_B,40.0,2.0,20.0,6.0,1.0,1.0,80.0,30.0,0,0.0,0.0,0,0,0
928,929,CC1(C)CC[C@H](Cc2ccc(Cl)cc2)[C@@]1(O)Cn1cncn1,93.684,Cyclodex_B,40.0,2.0,20.0,6.0,1.0,1.0,80.0,30.0,0,0.0,0.0,0,0,0
929,930,CC1(C)CC[C@@H](Cc2ccc(Cl)cc2)[C@]1(O)Cn1cncn1,93.684,Cyclodex_B,40.0,2.0,20.0,6.0,1.0,1.0,80.0,30.0,0,0.0,0.0,0,0,0
930,931,CC1(C)CC[C@H](Cc2ccc(Cl)cc2)[C@]1(O)Cn1cncn1,93.684,Cyclodex_B,40.0,2.0,20.0,6.0,1.0,1.0,80.0,30.0,0,0.0,0.0,0,0,0
931,932,CC1(C)[C@@H](C=C(Cl)Cl)[C@@H]1C(=O)OCc1cccc(Oc2ccccc2)c1,95.228,Cyclodex_B,40.0,2.0,20.0,6.0,1.0,1.0,80.0,30.0,0,0.0,0.0,0,0,0
932,933,CC1(C)[C@H](C=C(Cl)Cl)[C@@H]1C(=O)OCc1cccc(Oc2ccccc2)c1,95.228,Cyclodex_B,40.0,2.0,20.0,6.0,1.0,1.0,80.0,30.0,0,0.0,0.0,0,0,0
933,934,CCCCOC(=O)[C@H](C)Oc1ccc(Oc2ccc(C#N)cc2F)cc1,97.284,Cyclodex_B,40.0,2.0,20.0,6.0,1.0,1.0,80.0,30.0,0,0.0,0.0,0,0,0
934,935,CCCCOC(=O)[C@@H](C)Oc1ccc(Oc2ccc(C#N)cc2F)cc1,97.284,Cyclodex_B,40.0,2.0,20.0,6.0,1.0,1.0,80.0,30.0,0,0.0,0.0,0,0,0
935,936,CC1(C)[C@H](C(=O)OCc2cccc(Oc3ccccc3)c2)[C@@H]1C=C(Cl)Cl,98.063,Cyclodex_B,40.0,2.0,20.0,6.0,1.0,1.0,80.0,30.0,0,0.0,0.0,0,0,0
936,937,CC1(C)[C@H](C=C(Cl)Cl)[C@H]1C(=O)OCc1cccc(Oc2ccccc2)c1,98.063,Cyclodex_B,40.0,2.0,20.0,6.0,1.0,1.0,80.0,30.0,0,0.0,0.0,0,0,0
937,938,C[C@](O)(Cn1cncn1)c1ccc(Oc2ccc(Cl)cc2)cc1C(F)(F)F,102.871,Cyclodex_B,40.0,2.0,20.0,6.0,1.0,1.0,80.0,30.0,0,0.0,0.0,0,0,0
938,939,C[C@@](O)(Cn1cncn1)c1ccc(Oc2ccc(Cl)cc2)cc1C(F)(F)F,102.871,Cyclodex_B,40.0,2.0,20.0,6.0,1.0,1.0,80.0,30.0,0,0.0,0.0,0,0,0
939,940,CC(C)(C)[C@@H](O)[C@@H](Oc1ccc(-c2ccccc2)cc1)n1cncn1,110.42,Cyclodex_B,40.0,2.0,20.0,6.0,1.0,1.0,80.0,30.0,0,0.0,0.0,0,0,0
940,941,CC(C)(C)[C@H](O)[C@@H](Oc1ccc(-c2ccccc2)cc1)n1cncn1,110.42,Cyclodex_B,40.0,2.0,20.0,6.0,1.0,1.0,80.0,30.0,0,0.0,0.0,0,0,0
941,942,CC(C)(C)[C@@H](O)[C@H](Oc1ccc(-c2ccccc2)cc1)n1cncn1,110.42,Cyclodex_B,40.0,2.0,20.0,6.0,1.0,1.0,80.0,30.0,0,0.0,0.0,0,0,0
942,943,CC(C)(C)[C@H](O)[C@H](Oc1ccc(-c2ccccc2)cc1)n1cncn1,110.42,Cyclodex_B,40.0,2.0,20.0,6.0,1.0,1.0,80.0,30.0,0,0.0,0.0,0,0,0
943,944,CC(C)=CCC[C@@H](C)CCO,10.212,Cyclodex_B,40.0,2.0,20.0,6.0,1.0,1.0,80.0,30.0,0,0.0,0.0,0,0,0
944,945,CC(C)=CCC[C@H](C)CCO,10.212,Cyclodex_B,40.0,2.0,20.0,6.0,1.0,1.0,80.0,30.0,0,0.0,0.0,0,0,0
945,946,C[C@@H](CC=O)CCCC(C)(C)O,11.713,Cyclodex_B,40.0,2.0,20.0,6.0,1.0,1.0,80.0,30.0,0,0.0,0.0,0,0,0
946,947,C[C@H](CC=O)CCCC(C)(C)O,11.713,Cyclodex_B,40.0,2.0,20.0,6.0,1.0,1.0,80.0,30.0,0,0.0,0.0,0,0,0
947,948,CCCC[C@H](CC)COC(=O)c1ccccc1O,26.683,Cyclodex_B,40.0,2.0,20.0,6.0,1.0,1.0,80.0,30.0,0,0.0,0.0,0,0,0
948,949,CCCC[C@@H](CC)COC(=O)c1ccccc1O,26.683,Cyclodex_B,40.0,2.0,20.0,6.0,1.0,1.0,80.0,30.0,0,0.0,0.0,0,0,0
949,950,CCCC[C@H](CC)COC(=O)c1ccc(N(C)C)cc1,64.208,Cyclodex_B,40.0,2.0,20.0,6.0,1.0,1.0,80.0,30.0,0,0.0,0.0,0,0,0
950,951,CCCC[C@@H](CC)COC(=O)c1ccc(N(C)C)cc1,64.208,Cyclodex_B,40.0,2.0,20.0,6.0,1.0,1.0,80.0,30.0,0,0.0,0.0,0,0,0
951,952,CC(C)(C)[C@@H](O)[C@H](Cc1ccc(Cl)cc1)n1cncn1,64.634,Cyclodex_B,40.0,2.0,20.0,6.0,1.0,1.0,80.0,30.0,0,0.0,0.0,0,0,0
952,953,CC(C)(C)[C@H](O)[C@H](Cc1ccc(Cl)cc1)n1cncn1,64.634,Cyclodex_B,40.0,2.0,20.0,6.0,1.0,1.0,80.0,30.0,0,0.0,0.0,0,0,0
953,954,CC(C)(C)[C@@H](O)[C@@H](Cc1ccc(Cl)cc1)n1cncn1,64.634,Cyclodex_B,40.0,2.0,20.0,6.0,1.0,1.0,80.0,30.0,0,0.0,0.0,0,0,0
954,955,CC(C)(C)[C@H](O)[C@@H](Cc1ccc(Cl)cc1)n1cncn1,64.634,Cyclodex_B,40.0,2.0,20.0,6.0,1.0,1.0,80.0,30.0,0,0.0,0.0,0,0,0
955,956,CC(C)(C)[C@@H](O)/C(=C\c1ccc(Cl)cc1)n1cncn1,70.652,Cyclodex_B,40.0,2.0,20.0,6.0,1.0,1.0,80.0,30.0,0,0.0,0.0,0,0,0
956,957,CC(C)(C)[C@H](O)/C(=C\c1ccc(Cl)cc1)n1cncn1,70.652,Cyclodex_B,40.0,2.0,20.0,6.0,1.0,1.0,80.0,30.0,0,0.0,0.0,0,0,0
957,958,CCCC[C@H](CC)COC(=O)/C=C/c1ccc(OC)cc1,67.94,Cyclodex_B,40.0,2.0,20.0,6.0,1.0,1.0,80.0,30.0,0,0.0,0.0,0,0,0
958,959,CCCC[C@@H](CC)COC(=O)/C=C/c1ccc(OC)cc1,67.94,Cyclodex_B,40.0,2.0,20.0,6.0,1.0,1.0,80.0,30.0,0,0.0,0.0,0,0,0
959,960,CCCC[C@H](CC)COC(=O)C(C#N)=C(c1ccccc1)c1ccccc1,98.027,Cyclodex_B,40.0,2.0,20.0,6.0,1.0,1.0,80.0,30.0,0,0.0,0.0,0,0,0
960,961,CCCC[C@@H](CC)COC(=O)C(C#N)=C(c1ccccc1)c1ccccc1,98.027,Cyclodex_B,40.0,2.0,20.0,6.0,1.0,1.0,80.0,30.0,0,0.0,0.0,0,0,0
961,962,N#Cc1nn(-c2c(Cl)cc(C(F)(F)F)cc2Cl)c(N)c1[S@](=O)C(F)(F)F,104.565,Cyclodex_B,40.0,2.0,2.0,100.0,38.0,0.0,0.0,0.0,0,0.0,0.0,0,0,0
962,963,N#Cc1nn(-c2c(Cl)cc(C(F)(F)F)cc2Cl)c(N)c1[S@@](=O)C(F)(F)F,104.786,Cyclodex_B,40.0,2.0,2.0,100.0,38.0,0.0,0.0,0.0,0,0.0,0.0,0,0,0
963,964,CC(C)=C[C@@H]1[C@@H](C(=O)OCN2C(=O)C3=C(CCCC3)C2=O)C1(C)C,108.614,Cyclodex_B,40.0,2.0,2.0,100.0,38.0,0.0,0.0,0.0,0,0.0,0.0,0,0,0
964,965,CC(C)=C[C@H]1[C@@H](C(=O)OCN2C(=O)C3=C(CCCC3)C2=O)C1(C)C,108.614,Cyclodex_B,40.0,2.0,2.0,100.0,38.0,0.0,0.0,0.0,0,0.0,0.0,0,0,0
965,966,CC(C)=C[C@@H]1[C@H](C(=O)OCN2C(=O)C3=C(CCCC3)C2=O)C1(C)C,109.609,Cyclodex_B,40.0,2.0,2.0,100.0,38.0,0.0,0.0,0.0,0,0.0,0.0,0,0,0
966,967,CC(C)=C[C@H]1[C@H](C(=O)OCN2C(=O)C3=C(CCCC3)C2=O)C1(C)C,109.609,Cyclodex_B,40.0,2.0,2.0,100.0,38.0,0.0,0.0,0.0,0,0.0,0.0,0,0,0
967,968,CC1(C)[C@@H](C=C(Cl)Cl)[C@@H]1C(=O)OCc1cccc(Oc2ccccc2)c1,119.524,Cyclodex_B,40.0,2.0,2.0,100.0,38.0,0.0,0.0,0.0,0,0.0,0.0,0,0,0
968,969,CC1(C)[C@H](C=C(Cl)Cl)[C@@H]1C(=O)OCc1cccc(Oc2ccccc2)c1,119.524,Cyclodex_B,40.0,2.0,2.0,100.0,38.0,0.0,0.0,0.0,0,0.0,0.0,0,0,0
969,970,CC1(C)[C@H](C(=O)OCc2cccc(Oc3ccccc3)c2)[C@@H]1C=C(Cl)Cl,122.216,Cyclodex_B,40.0,2.0,2.0,100.0,38.0,0.0,0.0,0.0,0,0.0,0.0,0,0,0
970,971,CC1(C)[C@H](C=C(Cl)Cl)[C@H]1C(=O)OCc1cccc(Oc2ccccc2)c1,122.216,Cyclodex_B,40.0,2.0,2.0,100.0,38.0,0.0,0.0,0.0,0,0.0,0.0,0,0,0
971,972,CC(C)(C)[C@@H](O)[C@@H](Oc1ccc(-c2ccccc2)cc1)n1cncn1,134.154,Cyclodex_B,40.0,2.0,2.0,100.0,38.0,0.0,0.0,0.0,0,0.0,0.0,0,0,0
972,973,CC(C)(C)[C@H](O)[C@@H](Oc1ccc(-c2ccccc2)cc1)n1cncn1,134.154,Cyclodex_B,40.0,2.0,2.0,100.0,38.0,0.0,0.0,0.0,0,0.0,0.0,0,0,0
973,974,CC(C)(C)[C@@H](O)[C@H](Oc1ccc(-c2ccccc2)cc1)n1cncn1,138.804,Cyclodex_B,40.0,2.0,2.0,100.0,38.0,0.0,0.0,0.0,0,0.0,0.0,0,0,0
974,975,CC(C)(C)[C@H](O)[C@H](Oc1ccc(-c2ccccc2)cc1)n1cncn1,138.804,Cyclodex_B,40.0,2.0,2.0,100.0,38.0,0.0,0.0,0.0,0,0.0,0.0,0,0,0
975,976,N#Cc1nn(-c2c(Cl)cc(C(F)(F)F)cc2Cl)c(N)c1[S@](=O)C(F)(F)F,51.686,Cyclodex_B,40.0,2.0,5.0,40.0,91.0,0.0,0.0,0.0,0,0.0,0.0,0,0,0
976,977,N#Cc1nn(-c2c(Cl)cc(C(F)(F)F)cc2Cl)c(N)c1[S@@](=O)C(F)(F)F,51.84,Cyclodex_B,40.0,2.0,5.0,40.0,91.0,0.0,0.0,0.0,0,0.0,0.0,0,0,0
977,978,CC(C)=C[C@@H]1[C@@H](C(=O)OCN2C(=O)C3=C(CCCC3)C2=O)C1(C)C,55.684,Cyclodex_B,40.0,2.0,5.0,40.0,91.0,0.0,0.0,0.0,0,0.0,0.0,0,0,0
978,979,CC(C)=C[C@H]1[C@@H](C(=O)OCN2C(=O)C3=C(CCCC3)C2=O)C1(C)C,55.684,Cyclodex_B,40.0,2.0,5.0,40.0,91.0,0.0,0.0,0.0,0,0.0,0.0,0,0,0
979,980,CC(C)=C[C@@H]1[C@H](C(=O)OCN2C(=O)C3=C(CCCC3)C2=O)C1(C)C,56.556,Cyclodex_B,40.0,2.0,5.0,40.0,91.0,0.0,0.0,0.0,0,0.0,0.0,0,0,0
980,981,CC(C)=C[C@H]1[C@H](C(=O)OCN2C(=O)C3=C(CCCC3)C2=O)C1(C)C,56.556,Cyclodex_B,40.0,2.0,5.0,40.0,91.0,0.0,0.0,0.0,0,0.0,0.0,0,0,0
981,982,CC1(C)[C@@H](C=C(Cl)Cl)[C@@H]1C(=O)OCc1cccc(Oc2ccccc2)c1,66.179,Cyclodex_B,40.0,2.0,5.0,40.0,91.0,0.0,0.0,0.0,0,0.0,0.0,0,0,0
982,983,CC1(C)[C@H](C=C(Cl)Cl)[C@@H]1C(=O)OCc1cccc(Oc2ccccc2)c1,66.179,Cyclodex_B,40.0,2.0,5.0,40.0,91.0,0.0,0.0,0.0,0,0.0,0.0,0,0,0
983,984,CC1(C)[C@H](C(=O)OCc2cccc(Oc3ccccc3)c2)[C@@H]1C=C(Cl)Cl,68.702,Cyclodex_B,40.0,2.0,5.0,40.0,91.0,0.0,0.0,0.0,0,0.0,0.0,0,0,0
984,985,CC1(C)[C@H](C=C(Cl)Cl)[C@H]1C(=O)OCc1cccc(Oc2ccccc2)c1,68.702,Cyclodex_B,40.0,2.0,5.0,40.0,91.0,0.0,0.0,0.0,0,0.0,0.0,0,0,0
985,986,CC(C)(C)[C@@H](O)[C@@H](Oc1ccc(-c2ccccc2)cc1)n1cncn1,80.205,Cyclodex_B,40.0,2.0,5.0,40.0,91.0,0.0,0.0,0.0,0,0.0,0.0,0,0,0
986,987,CC(C)(C)[C@H](O)[C@@H](Oc1ccc(-c2ccccc2)cc1)n1cncn1,80.205,Cyclodex_B,40.0,2.0,5.0,40.0,91.0,0.0,0.0,0.0,0,0.0,0.0,0,0,0
987,988,CC(C)(C)[C@@H](O)[C@H](Oc1ccc(-c2ccccc2)cc1)n1cncn1,84.666,Cyclodex_B,40.0,2.0,5.0,40.0,91.0,0.0,0.0,0.0,0,0.0,0.0,0,0,0
988,989,CC(C)(C)[C@H](O)[C@H](Oc1ccc(-c2ccccc2)cc1)n1cncn1,84.666,Cyclodex_B,40.0,2.0,5.0,40.0,91.0,0.0,0.0,0.0,0,0.0,0.0,0,0,0
989,990,N#Cc1nn(-c2c(Cl)cc(C(F)(F)F)cc2Cl)c(N)c1[S@](=O)C(F)(F)F,34.04,Cyclodex_B,40.0,2.0,10.0,20.0,111.0,0.0,0.0,0.0,0,0.0,0.0,0,0,0
990,991,N#Cc1nn(-c2c(Cl)cc(C(F)(F)F)cc2Cl)c(N)c1[S@@](=O)C(F)(F)F,34.168,Cyclodex_B,40.0,2.0,10.0,20.0,111.0,0.0,0.0,0.0,0,0.0,0.0,0,0,0
991,992,CC(C)=C[C@@H]1[C@@H](C(=O)OCN2C(=O)C3=C(CCCC3)C2=O)C1(C)C,38.022,Cyclodex_B,40.0,2.0,10.0,20.0,111.0,0.0,0.0,0.0,0,0.0,0.0,0,0,0
992,993,CC(C)=C[C@H]1[C@@H](C(=O)OCN2C(=O)C3=C(CCCC3)C2=O)C1(C)C,38.022,Cyclodex_B,40.0,2.0,10.0,20.0,111.0,0.0,0.0,0.0,0,0.0,0.0,0,0,0
993,994,CC(C)=C[C@@H]1[C@H](C(=O)OCN2C(=O)C3=C(CCCC3)C2=O)C1(C)C,38.838,Cyclodex_B,40.0,2.0,10.0,20.0,111.0,0.0,0.0,0.0,0,0.0,0.0,0,0,0
994,995,CC(C)=C[C@H]1[C@H](C(=O)OCN2C(=O)C3=C(CCCC3)C2=O)C1(C)C,38.838,Cyclodex_B,40.0,2.0,10.0,20.0,111.0,0.0,0.0,0.0,0,0.0,0.0,0,0,0
995,996,CC1(C)[C@@H](C=C(Cl)Cl)[C@@H]1C(=O)OCc1cccc(Oc2ccccc2)c1,48.353,Cyclodex_B,40.0,2.0,10.0,20.0,111.0,0.0,0.0,0.0,0,0.0,0.0,0,0,0
996,997,CC1(C)[C@H](C=C(Cl)Cl)[C@@H]1C(=O)OCc1cccc(Oc2ccccc2)c1,48.353,Cyclodex_B,40.0,2.0,10.0,20.0,111.0,0.0,0.0,0.0,0,0.0,0.0,0,0,0
997,998,CC1(C)[C@H](C(=O)OCc2cccc(Oc3ccccc3)c2)[C@@H]1C=C(Cl)Cl,50.843,Cyclodex_B,40.0,2.0,10.0,20.0,111.0,0.0,0.0,0.0,0,0.0,0.0,0,0,0
998,999,CC1(C)[C@H](C=C(Cl)Cl)[C@H]1C(=O)OCc1cccc(Oc2ccccc2)c1,50.843,Cyclodex_B,40.0,2.0,10.0,20.0,111.0,0.0,0.0,0.0,0,0.0,0.0,0,0,0
999,1000,CC(C)(C)[C@@H](O)[C@@H](Oc1ccc(-c2ccccc2)cc1)n1cncn1,62.151,Cyclodex_B,40.0,2.0,10.0,20.0,111.0,0.0,0.0,0.0,0,0.0,0.0,0,0,0
1000,1001,CC(C)(C)[C@H](O)[C@@H](Oc1ccc(-c2ccccc2)cc1)n1cncn1,62.151,Cyclodex_B,40.0,2.0,10.0,20.0,111.0,0.0,0.0,0.0,0,0.0,0.0,0,0,0
1001,1002,CC(C)(C)[C@@H](O)[C@H](Oc1ccc(-c2ccccc2)cc1)n1cncn1,66.595,Cyclodex_B,40.0,2.0,10.0,20.0,111.0,0.0,0.0,0.0,0,0.0,0.0,0,0,0
1002,1003,CC(C)(C)[C@H](O)[C@H](Oc1ccc(-c2ccccc2)cc1)n1cncn1,66.595,Cyclodex_B,40.0,2.0,10.0,20.0,111.0,0.0,0.0,0.0,0,0.0,0.0,0,0,0
1003,1004,N#Cc1nn(-c2c(Cl)cc(C(F)(F)F)cc2Cl)c(N)c1[S@](=O)C(F)(F)F,28.16,Cyclodex_B,40.0,2.0,15.0,13.3,120.0,0.0,0.0,0.0,0,0.0,0.0,0,0,0
1004,1005,N#Cc1nn(-c2c(Cl)cc(C(F)(F)F)cc2Cl)c(N)c1[S@@](=O)C(F)(F)F,28.277,Cyclodex_B,40.0,2.0,15.0,13.3,120.0,0.0,0.0,0.0,0,0.0,0.0,0,0,0
1005,1006,CC(C)=C[C@@H]1[C@@H](C(=O)OCN2C(=O)C3=C(CCCC3)C2=O)C1(C)C,32.099,Cyclodex_B,40.0,2.0,15.0,13.3,120.0,0.0,0.0,0.0,0,0.0,0.0,0,0,0
1006,1007,CC(C)=C[C@H]1[C@@H](C(=O)OCN2C(=O)C3=C(CCCC3)C2=O)C1(C)C,32.099,Cyclodex_B,40.0,2.0,15.0,13.3,120.0,0.0,0.0,0.0,0,0.0,0.0,0,0,0
1007,1008,CC(C)=C[C@@H]1[C@H](C(=O)OCN2C(=O)C3=C(CCCC3)C2=O)C1(C)C,32.922,Cyclodex_B,40.0,2.0,15.0,13.3,120.0,0.0,0.0,0.0,0,0.0,0.0,0,0,0
1008,1009,CC(C)=C[C@H]1[C@H](C(=O)OCN2C(=O)C3=C(CCCC3)C2=O)C1(C)C,32.922,Cyclodex_B,40.0,2.0,15.0,13.3,120.0,0.0,0.0,0.0,0,0.0,0.0,0,0,0
1009,1010,CC1(C)[C@@H](C=C(Cl)Cl)[C@@H]1C(=O)OCc1cccc(Oc2ccccc2)c1,42.387,Cyclodex_B,40.0,2.0,15.0,13.3,120.0,0.0,0.0,0.0,0,0.0,0.0,0,0,0
1010,1011,CC1(C)[C@H](C=C(Cl)Cl)[C@@H]1C(=O)OCc1cccc(Oc2ccccc2)c1,42.387,Cyclodex_B,40.0,2.0,15.0,13.3,120.0,0.0,0.0,0.0,0,0.0,0.0,0,0,0
1011,1012,CC1(C)[C@H](C(=O)OCc2cccc(Oc3ccccc3)c2)[C@@H]1C=C(Cl)Cl,44.909,Cyclodex_B,40.0,2.0,15.0,13.3,120.0,0.0,0.0,0.0,0,0.0,0.0,0,0,0
1012,1013,CC1(C)[C@H](C=C(Cl)Cl)[C@H]1C(=O)OCc1cccc(Oc2ccccc2)c1,44.909,Cyclodex_B,40.0,2.0,15.0,13.3,120.0,0.0,0.0,0.0,0,0.0,0.0,0,0,0
1013,1014,CC(C)(C)[C@@H](O)[C@@H](Oc1ccc(-c2ccccc2)cc1)n1cncn1,56.141,Cyclodex_B,40.0,2.0,15.0,13.3,120.0,0.0,0.0,0.0,0,0.0,0.0,0,0,0
1014,1015,CC(C)(C)[C@H](O)[C@@H](Oc1ccc(-c2ccccc2)cc1)n1cncn1,56.141,Cyclodex_B,40.0,2.0,15.0,13.3,120.0,0.0,0.0,0.0,0,0.0,0.0,0,0,0
1015,1016,CC(C)(C)[C@@H](O)[C@H](Oc1ccc(-c2ccccc2)cc1)n1cncn1,60.557,Cyclodex_B,40.0,2.0,15.0,13.3,120.0,0.0,0.0,0.0,0,0.0,0.0,0,0,0
1016,1017,CC(C)(C)[C@H](O)[C@H](Oc1ccc(-c2ccccc2)cc1)n1cncn1,60.557,Cyclodex_B,40.0,2.0,15.0,13.3,120.0,0.0,0.0,0.0,0,0.0,0.0,0,0,0
1017,1018,N#Cc1nn(-c2c(Cl)cc(C(F)(F)F)cc2Cl)c(N)c1[S@](=O)C(F)(F)F,25.221,Cyclodex_B,40.0,2.0,20.0,10.0,120.0,0.0,0.0,0.0,0,0.0,0.0,0,0,0
1018,1019,N#Cc1nn(-c2c(Cl)cc(C(F)(F)F)cc2Cl)c(N)c1[S@@](=O)C(F)(F)F,25.349,Cyclodex_B,40.0,2.0,20.0,10.0,120.0,0.0,0.0,0.0,0,0.0,0.0,0,0,0
1019,1020,CC(C)=C[C@@H]1[C@@H](C(=O)OCN2C(=O)C3=C(CCCC3)C2=O)C1(C)C,29.16,Cyclodex_B,40.0,2.0,20.0,10.0,120.0,0.0,0.0,0.0,0,0.0,0.0,0,0,0
1020,1021,CC(C)=C[C@H]1[C@@H](C(=O)OCN2C(=O)C3=C(CCCC3)C2=O)C1(C)C,29.16,Cyclodex_B,40.0,2.0,20.0,10.0,120.0,0.0,0.0,0.0,0,0.0,0.0,0,0,0
1021,1022,CC(C)=C[C@@H]1[C@H](C(=O)OCN2C(=O)C3=C(CCCC3)C2=O)C1(C)C,29.978,Cyclodex_B,40.0,2.0,20.0,10.0,120.0,0.0,0.0,0.0,0,0.0,0.0,0,0,0
1022,1023,CC(C)=C[C@H]1[C@H](C(=O)OCN2C(=O)C3=C(CCCC3)C2=O)C1(C)C,29.978,Cyclodex_B,40.0,2.0,20.0,10.0,120.0,0.0,0.0,0.0,0,0.0,0.0,0,0,0
1023,1024,CC1(C)[C@@H](C=C(Cl)Cl)[C@@H]1C(=O)OCc1cccc(Oc2ccccc2)c1,39.424,Cyclodex_B,40.0,2.0,20.0,10.0,120.0,0.0,0.0,0.0,0,0.0,0.0,0,0,0
1024,1025,CC1(C)[C@H](C=C(Cl)Cl)[C@@H]1C(=O)OCc1cccc(Oc2ccccc2)c1,39.424,Cyclodex_B,40.0,2.0,20.0,10.0,120.0,0.0,0.0,0.0,0,0.0,0.0,0,0,0
1025,1026,CC1(C)[C@H](C(=O)OCc2cccc(Oc3ccccc3)c2)[C@@H]1C=C(Cl)Cl,41.934,Cyclodex_B,40.0,2.0,20.0,10.0,120.0,0.0,0.0,0.0,0,0.0,0.0,0,0,0
1026,1027,CC1(C)[C@H](C=C(Cl)Cl)[C@H]1C(=O)OCc1cccc(Oc2ccccc2)c1,41.934,Cyclodex_B,40.0,2.0,20.0,10.0,120.0,0.0,0.0,0.0,0,0.0,0.0,0,0,0
1027,1028,CC(C)(C)[C@@H](O)[C@@H](Oc1ccc(-c2ccccc2)cc1)n1cncn1,53.101,Cyclodex_B,40.0,2.0,20.0,10.0,120.0,0.0,0.0,0.0,0,0.0,0.0,0,0,0
1028,1029,CC(C)(C)[C@H](O)[C@@H](Oc1ccc(-c2ccccc2)cc1)n1cncn1,53.101,Cyclodex_B,40.0,2.0,20.0,10.0,120.0,0.0,0.0,0.0,0,0.0,0.0,0,0,0
1029,1030,CC(C)(C)[C@@H](O)[C@H](Oc1ccc(-c2ccccc2)cc1)n1cncn1,57.474,Cyclodex_B,40.0,2.0,20.0,10.0,120.0,0.0,0.0,0.0,0,0.0,0.0,0,0,0
1030,1031,CC(C)(C)[C@H](O)[C@H](Oc1ccc(-c2ccccc2)cc1)n1cncn1,57.474,Cyclodex_B,40.0,2.0,20.0,10.0,120.0,0.0,0.0,0.0,0,0.0,0.0,0,0,0
1031,1032,N#Cc1nn(-c2c(Cl)cc(C(F)(F)F)cc2Cl)c(N)c1[S@](=O)C(F)(F)F,20.828,Cyclodex_B,40.0,2.0,40.0,5.0,120.0,0.0,0.0,0.0,0,0.0,0.0,0,0,0
1032,1033,N#Cc1nn(-c2c(Cl)cc(C(F)(F)F)cc2Cl)c(N)c1[S@@](=O)C(F)(F)F,20.953,Cyclodex_B,40.0,2.0,40.0,5.0,120.0,0.0,0.0,0.0,0,0.0,0.0,0,0,0
1033,1034,CC(C)=C[C@@H]1[C@@H](C(=O)OCN2C(=O)C3=C(CCCC3)C2=O)C1(C)C,24.775,Cyclodex_B,40.0,2.0,40.0,5.0,120.0,0.0,0.0,0.0,0,0.0,0.0,0,0,0
1034,1035,CC(C)=C[C@H]1[C@@H](C(=O)OCN2C(=O)C3=C(CCCC3)C2=O)C1(C)C,24.775,Cyclodex_B,40.0,2.0,40.0,5.0,120.0,0.0,0.0,0.0,0,0.0,0.0,0,0,0
1035,1036,CC(C)=C[C@@H]1[C@H](C(=O)OCN2C(=O)C3=C(CCCC3)C2=O)C1(C)C,25.56,Cyclodex_B,40.0,2.0,40.0,5.0,120.0,0.0,0.0,0.0,0,0.0,0.0,0,0,0
1036,1037,CC(C)=C[C@H]1[C@H](C(=O)OCN2C(=O)C3=C(CCCC3)C2=O)C1(C)C,25.56,Cyclodex_B,40.0,2.0,40.0,5.0,120.0,0.0,0.0,0.0,0,0.0,0.0,0,0,0
1037,1038,CC1(C)[C@@H](C=C(Cl)Cl)[C@@H]1C(=O)OCc1cccc(Oc2ccccc2)c1,34.958,Cyclodex_B,40.0,2.0,40.0,5.0,120.0,0.0,0.0,0.0,0,0.0,0.0,0,0,0
1038,1039,CC1(C)[C@H](C=C(Cl)Cl)[C@@H]1C(=O)OCc1cccc(Oc2ccccc2)c1,34.958,Cyclodex_B,40.0,2.0,40.0,5.0,120.0,0.0,0.0,0.0,0,0.0,0.0,0,0,0
1039,1040,CC1(C)[C@H](C(=O)OCc2cccc(Oc3ccccc3)c2)[C@@H]1C=C(Cl)Cl,37.468,Cyclodex_B,40.0,2.0,40.0,5.0,120.0,0.0,0.0,0.0,0,0.0,0.0,0,0,0
1040,1041,CC1(C)[C@H](C=C(Cl)Cl)[C@H]1C(=O)OCc1cccc(Oc2ccccc2)c1,37.468,Cyclodex_B,40.0,2.0,40.0,5.0,120.0,0.0,0.0,0.0,0,0.0,0.0,0,0,0
1041,1042,CC(C)(C)[C@@H](O)[C@@H](Oc1ccc(-c2ccccc2)cc1)n1cncn1,48.597,Cyclodex_B,40.0,2.0,40.0,5.0,120.0,0.0,0.0,0.0,0,0.0,0.0,0,0,0
1042,1043,CC(C)(C)[C@H](O)[C@@H](Oc1ccc(-c2ccccc2)cc1)n1cncn1,48.597,Cyclodex_B,40.0,2.0,40.0,5.0,120.0,0.0,0.0,0.0,0,0.0,0.0,0,0,0
1043,1044,CC(C)(C)[C@@H](O)[C@H](Oc1ccc(-c2ccccc2)cc1)n1cncn1,53.032,Cyclodex_B,40.0,2.0,40.0,5.0,120.0,0.0,0.0,0.0,0,0.0,0.0,0,0,0
1044,1045,CC(C)(C)[C@H](O)[C@H](Oc1ccc(-c2ccccc2)cc1)n1cncn1,53.032,Cyclodex_B,40.0,2.0,40.0,5.0,120.0,0.0,0.0,0.0,0,0.0,0.0,0,0,0
