feature,importance,selected_by_elbow,selected_by_absolute_threshold,selected_by_domain_knowledge,is_selected,importance_rank,Column
mol_PEOE_VSA2,18.881334,True,True,False,True,1.0,Cyclosil_B
mol_piPC5,3.391032,True,True,False,True,2.0,Cyclosil_B
mol_IC5,2.887543,True,True,False,True,3.0,Cyclosil_B
columo_AATS2i,2.4088702,True,True,False,True,4.0,Cyclosil_B
mol_ATS1v,1.7682294,True,True,False,True,5.0,Cyclosil_B
mol_SMR,1.7421057,True,True,False,True,6.0,Cyclosil_B
columo_MATS2Z,1.5053887,True,True,False,True,7.0,Cyclosil_B
mol_ATS1p,1.2224038,True,True,False,True,8.0,Cyclosil_B
mol_IC3,1.1986817,True,True,False,True,9.0,Cyclosil_B
mol_ETA_shape_p,1.1234751,True,True,False,True,10.0,Cyclosil_B
mol_IC4,1.095089,True,True,False,True,11.0,Cyclosil_B
mol_TIC1,1.0739715,True,True,False,True,12.0,Cyclosil_B
mol_AMID,1.0051293,True,True,False,True,13.0,Cyclosil_B
mol_VSA_EState3,0.8697035,True,True,False,True,14.0,Cyclosil_B
mol_ATS1m,0.6950925,True,True,False,True,15.0,Cyclosil_B
mol_AXp-0d,0.63301736,True,True,False,True,16.0,Cyclosil_B
mol_IC2,0.60205054,True,True,False,True,17.0,Cyclosil_B
mol_nRot,0.57568383,True,True,False,True,18.0,Cyclosil_B
mol_ATSC1i,0.5394411,True,True,False,True,19.0,Cyclosil_B
mol_JGI9,0.5136021,True,True,False,True,20.0,Cyclosil_B
mol_ATS3p,0.48530728,True,True,False,True,21.0,Cyclosil_B
mol_PEOE_VSA12,0.419568,True,True,False,True,22.0,Cyclosil_B
mol_piPC9,0.41582295,True,True,False,True,23.0,Cyclosil_B
mol_SlogP_VSA2,0.37656474,True,True,False,True,24.0,Cyclosil_B
mol_ETA_eta_RL,0.3354292,True,True,False,True,25.0,Cyclosil_B
mol_ATSC5s,0.29776976,True,True,False,True,26.0,Cyclosil_B
mol_AETA_beta,0.28627115,True,True,False,True,27.0,Cyclosil_B
mol_MAXaaCH,0.28433797,True,True,False,True,28.0,Cyclosil_B
mol_AETA_eta_FL,0.2755954,True,True,False,True,29.0,Cyclosil_B
mol_PEOE_VSA7,0.27241555,True,True,False,True,30.0,Cyclosil_B
mol_AATS6i,0.2692643,True,True,False,True,31.0,Cyclosil_B
mol_AATSC7d,0.26877996,True,True,False,True,32.0,Cyclosil_B
mol_AATSC5dv,0.26826242,True,True,False,True,33.0,Cyclosil_B
mol_TopoPSA(NO),0.2656381,True,True,False,True,34.0,Cyclosil_B
mol_MATS4i,0.25399905,True,True,False,True,35.0,Cyclosil_B
mol_JGI6,0.24890572,True,True,False,True,36.0,Cyclosil_B
mol_BalabanJ,0.24725705,True,True,False,True,37.0,Cyclosil_B
mol_EState_VSA7,0.24542755,True,True,False,True,38.0,Cyclosil_B
mol_AATS4p,0.23494172,True,True,False,True,39.0,Cyclosil_B
mol_GATS4Z,0.23002864,True,True,False,True,40.0,Cyclosil_B
mol_MATS3pe,0.22845374,True,True,False,True,41.0,Cyclosil_B
mol_MATS3d,0.2282375,True,True,False,True,42.0,Cyclosil_B
mol_ATS0Z,0.22442362,True,True,False,True,43.0,Cyclosil_B
mol_MID_N,0.20816103,True,True,False,True,44.0,Cyclosil_B
mol_GATS1c,0.20601788,True,True,False,True,45.0,Cyclosil_B
mol_AATSC1c,0.18673205,True,True,False,True,46.0,Cyclosil_B
mol_GATS7s,0.18418725,True,True,False,True,47.0,Cyclosil_B
mol_GATS6se,0.18405086,True,True,False,True,48.0,Cyclosil_B
mol_ATS8dv,0.17889367,True,True,False,True,49.0,Cyclosil_B
mol_ATS8i,0.17828816,True,True,False,True,50.0,Cyclosil_B
mol_ATSC8d,0.17740731,True,True,False,True,51.0,Cyclosil_B
mol_nBondsO,0.17720187,True,True,False,True,52.0,Cyclosil_B
mol_EState_VSA8,0.17601594,True,True,False,True,53.0,Cyclosil_B
mol_ETA_eta_F,0.17510706,True,True,False,True,54.0,Cyclosil_B
mol_AETA_eta_RL,0.17368172,True,True,False,True,55.0,Cyclosil_B
mol_FilterItLogS,0.16997625,True,True,False,True,56.0,Cyclosil_B
mol_ATS2p,0.16375023,True,True,False,True,57.0,Cyclosil_B
mol_SIC2,0.16240868,True,True,False,True,58.0,Cyclosil_B
mol_GATS5c,0.16208045,True,True,False,True,59.0,Cyclosil_B
mol_ETA_epsilon_1,0.16072892,True,True,False,True,60.0,Cyclosil_B
mol_RPCG,0.16038673,True,True,False,True,61.0,Cyclosil_B
mol_VE2_A,0.15576626,True,True,False,True,62.0,Cyclosil_B
mol_PEOE_VSA10,0.15482597,True,True,False,True,63.0,Cyclosil_B
mol_JGI4,0.15258878,True,True,False,True,64.0,Cyclosil_B
mol_ETA_dEpsilon_D,0.15046123,True,True,False,True,65.0,Cyclosil_B
mol_JGI7,0.14798775,True,True,False,True,66.0,Cyclosil_B
mol_GATS5Z,0.14312173,True,True,False,True,67.0,Cyclosil_B
mol_TpiPC10,0.14269866,True,True,False,True,68.0,Cyclosil_B
mol_VMcGowan,0.14093074,True,True,False,True,69.0,Cyclosil_B
mol_JGI8,0.13889761,True,True,False,True,70.0,Cyclosil_B
mol_BCUTare-1l,0.13833645,True,True,False,True,71.0,Cyclosil_B
mol_GATS7Z,0.13449408,True,True,False,True,72.0,Cyclosil_B
mol_ATSC4p,0.13175838,True,True,False,True,73.0,Cyclosil_B
mol_MATS8i,0.12843093,True,True,False,True,74.0,Cyclosil_B
mol_BCUTv-1h,0.12503327,True,True,False,True,75.0,Cyclosil_B
mol_AATSC0p,0.12480683,True,True,False,True,76.0,Cyclosil_B
mol_ATSC1s,0.124535054,True,True,False,True,77.0,Cyclosil_B
mol_BertzCT,0.12401903,True,True,False,True,78.0,Cyclosil_B
mol_AATS7d,0.123022616,True,True,False,True,79.0,Cyclosil_B
mol_GATS1i,0.116083376,True,True,False,True,80.0,Cyclosil_B
mol_AATS2i,0.110525474,True,True,False,True,81.0,Cyclosil_B
R_Count,0.10978081,True,True,False,True,82.0,Cyclosil_B
mol_C1SP2,0.10908479,True,True,False,True,83.0,Cyclosil_B
mol_AATS2se,0.10346716,True,True,False,True,84.0,Cyclosil_B
mol_AATS5dv,0.10319878,True,True,False,True,85.0,Cyclosil_B
mol_VE1_A,0.101496875,True,True,False,True,86.0,Cyclosil_B
mol_GATS6p,0.10022368,True,True,False,True,87.0,Cyclosil_B
mol_BCUTdv-1l,0.09946598,True,False,False,True,88.0,Cyclosil_B
mol_GATS3are,0.09869917,True,False,False,True,89.0,Cyclosil_B
mol_MATS7dv,0.09653406,True,False,False,True,90.0,Cyclosil_B
mol_AATS2v,0.09296365,True,False,False,True,91.0,Cyclosil_B
mol_MDEC-13,0.08940004,True,False,False,True,92.0,Cyclosil_B
mol_MATS1are,0.08846934,True,False,False,True,93.0,Cyclosil_B
mol_ATSC0Z,0.08598566,True,False,False,True,94.0,Cyclosil_B
mol_VSA_EState5,0.083508916,True,False,False,True,95.0,Cyclosil_B
mol_ETA_eta_FL,0.08265028,True,False,False,True,96.0,Cyclosil_B
mol_GATS6Z,0.0823165,True,False,False,True,97.0,Cyclosil_B
mol_C2SP3,0.081309475,True,False,False,True,98.0,Cyclosil_B
mol_AETA_eta_BR,0.081177056,True,False,False,True,99.0,Cyclosil_B
mol_MATS5are,0.07876444,True,False,False,True,100.0,Cyclosil_B
mol_AATS5p,0.075560875,True,False,False,True,101.0,Cyclosil_B
mol_GATS2v,0.07511727,True,False,False,True,102.0,Cyclosil_B
mol_MDEC-22,0.073813595,True,False,False,True,103.0,Cyclosil_B
mol_AXp-4dv,0.07219362,True,False,False,True,104.0,Cyclosil_B
mol_AATS6Z,0.07139278,True,False,False,True,105.0,Cyclosil_B
mol_nBonds,0.07056045,True,False,False,True,106.0,Cyclosil_B
mol_GATS1v,0.069878146,True,False,False,True,107.0,Cyclosil_B
mol_n10FHRing,0.06985012,True,False,False,True,108.0,Cyclosil_B
mol_AATSC4p,0.06938473,True,False,False,True,109.0,Cyclosil_B
mol_MATS4p,0.06851889,True,False,False,True,110.0,Cyclosil_B
mol_ATSC0v,0.06811393,True,False,False,True,111.0,Cyclosil_B
mol_GATS2pe,0.06797735,True,False,False,True,112.0,Cyclosil_B
mol_MATS7s,0.067962654,True,False,False,True,113.0,Cyclosil_B
mol_MATS4d,0.06732033,True,False,False,True,114.0,Cyclosil_B
mol_ATSC3Z,0.06725737,True,False,False,True,115.0,Cyclosil_B
mol_MATS5pe,0.06718263,True,False,False,True,116.0,Cyclosil_B
mol_MDEC-23,0.06640113,True,False,False,True,117.0,Cyclosil_B
mol_GATS8c,0.06504183,True,False,False,True,118.0,Cyclosil_B
mol_ZMIC1,0.064697884,True,False,False,True,119.0,Cyclosil_B
mol_SpAbs_D,0.064362206,True,False,False,True,120.0,Cyclosil_B
mol_SlogP_VSA4,0.06426092,True,False,False,True,121.0,Cyclosil_B
mol_ETA_beta,0.062396117,True,False,False,True,122.0,Cyclosil_B
Chiral_Type,0.061960176,True,False,True,True,123.0,Cyclosil_B
mol_Mp,0.06195657,True,False,False,True,124.0,Cyclosil_B
mol_Xp-7d,0.06107755,True,False,False,True,125.0,Cyclosil_B
mol_AXp-5d,0.060071852,True,False,False,True,126.0,Cyclosil_B
mol_AATSC4i,0.057345435,True,False,False,True,127.0,Cyclosil_B
mol_ATSC3s,0.05684158,True,False,False,True,128.0,Cyclosil_B
mol_ATSC5d,0.056819145,True,False,False,True,129.0,Cyclosil_B
mol_MATS2p,0.056144543,True,False,False,True,130.0,Cyclosil_B
S_Count,0.056064818,True,False,False,True,131.0,Cyclosil_B
mol_GATS7v,0.05559764,True,False,False,True,132.0,Cyclosil_B
mol_ATSC8Z,0.055023722,True,False,False,True,133.0,Cyclosil_B
mol_MATS4s,0.05398885,True,False,False,True,134.0,Cyclosil_B
mol_ATSC5Z,0.05283025,True,False,False,True,135.0,Cyclosil_B
mol_MATS4pe,0.0525896,True,False,False,True,136.0,Cyclosil_B
mol_EState_VSA3,0.051192645,True,False,False,True,137.0,Cyclosil_B
mol_GATS4d,0.05026708,True,False,False,True,138.0,Cyclosil_B
mol_IC1,0.049318742,True,False,False,True,139.0,Cyclosil_B
mol_SIC4,0.04860869,True,False,False,True,140.0,Cyclosil_B
mol_AATSC6dv,0.048485488,True,False,False,True,141.0,Cyclosil_B
mol_MATS1i,0.048222754,True,False,False,True,142.0,Cyclosil_B
mol_ETA_dAlpha_B,0.048008926,True,False,False,True,143.0,Cyclosil_B
mol_JGT10,0.04591456,True,False,False,True,144.0,Cyclosil_B
mol_GATS1dv,0.045890354,True,False,False,True,145.0,Cyclosil_B
mol_SsssN,0.04477747,True,False,False,True,146.0,Cyclosil_B
mol_ATS7d,0.04450795,True,False,False,True,147.0,Cyclosil_B
mol_IC0,0.04362113,True,False,False,True,148.0,Cyclosil_B
mol_ATSC4i,0.04320428,True,False,False,True,149.0,Cyclosil_B
mol_CIC4,0.04309189,True,False,False,True,150.0,Cyclosil_B
mol_ATS2m,0.042950653,True,False,False,True,151.0,Cyclosil_B
mol_MINaasC,0.04244738,True,False,False,True,152.0,Cyclosil_B
mol_ATSC1p,0.042383164,True,False,False,True,153.0,Cyclosil_B
mol_AATSC2Z,0.04169164,True,False,False,True,154.0,Cyclosil_B
mol_Xpc-5d,0.041637305,True,False,False,True,155.0,Cyclosil_B
mol_Sp,0.04145279,True,False,False,True,156.0,Cyclosil_B
mol_GATS4c,0.041366816,True,False,False,True,157.0,Cyclosil_B
mol_MATS3se,0.041363228,True,False,False,True,158.0,Cyclosil_B
mol_ATSC7d,0.04121933,True,False,False,True,159.0,Cyclosil_B
mol_BIC4,0.040885985,True,False,False,True,160.0,Cyclosil_B
mol_ATSC1are,0.04071872,True,False,False,True,161.0,Cyclosil_B
mol_ETA_beta_ns,0.0402623,True,False,False,True,162.0,Cyclosil_B
mol_AATS8se,0.04013942,True,False,False,True,163.0,Cyclosil_B
mol_CIC3,0.039483774,True,False,False,True,164.0,Cyclosil_B
mol_ATSC2d,0.038789082,True,False,False,True,165.0,Cyclosil_B
mol_AATSC0pe,0.03807164,True,False,False,True,166.0,Cyclosil_B
mol_RNCG,0.037846778,True,False,False,True,167.0,Cyclosil_B
mol_MATS2are,0.037737392,True,False,False,True,168.0,Cyclosil_B
mol_MAXsOH,0.037236948,True,False,False,True,169.0,Cyclosil_B
mol_AATS2pe,0.036612198,True,False,False,True,170.0,Cyclosil_B
mol_ATSC7c,0.036533736,True,False,False,True,171.0,Cyclosil_B
mol_GATS1d,0.03637514,True,False,False,True,172.0,Cyclosil_B
mol_AATSC5i,0.036367036,True,False,False,True,173.0,Cyclosil_B
mol_piPC10,0.03634078,True,False,False,True,174.0,Cyclosil_B
mol_AATS3Z,0.036186073,True,False,False,True,175.0,Cyclosil_B
mol_JGI2,0.035527974,True,False,False,True,176.0,Cyclosil_B
mol_AATSC1i,0.035356168,True,False,False,True,177.0,Cyclosil_B
mol_ETA_epsilon_2,0.03416748,True,False,False,True,178.0,Cyclosil_B
mol_RotRatio,0.033276755,True,False,False,True,179.0,Cyclosil_B
mol_Xpc-5dv,0.0331756,True,False,False,True,180.0,Cyclosil_B
mol_ATS4d,0.032438975,True,False,False,True,181.0,Cyclosil_B
mol_AATS8v,0.031050533,True,False,False,True,182.0,Cyclosil_B
mol_ATSC6dv,0.030985106,True,False,False,True,183.0,Cyclosil_B
mol_AATS5i,0.030969556,True,False,False,True,184.0,Cyclosil_B
mol_GGI10,0.030822372,True,False,False,True,185.0,Cyclosil_B
mol_MATS7d,0.029227303,True,False,False,True,186.0,Cyclosil_B
mol_GATS5d,0.028935049,True,False,False,True,187.0,Cyclosil_B
mol_ATSC6p,0.028459907,True,False,False,True,188.0,Cyclosil_B
mol_MATS7c,0.027993776,True,False,False,True,189.0,Cyclosil_B
mol_AATSC7s,0.027710615,True,False,False,True,190.0,Cyclosil_B
mol_MATS7Z,0.027454354,True,False,False,True,191.0,Cyclosil_B
mol_ECIndex,0.027429495,True,False,False,True,192.0,Cyclosil_B
mol_nBondsKS,0.02693485,True,False,False,True,193.0,Cyclosil_B
Total_Chiral,0.0,False,False,True,True,1518.0,Cyclosil_B
mol_PEOE_VSA2,5.078508,True,True,False,True,1.0,Cyclodex_B
mol_piPC5,3.9050913,True,True,False,True,2.0,Cyclodex_B
mol_IC5,3.343069,True,True,False,True,3.0,Cyclodex_B
columo_AATS2i,2.4271462,True,True,False,True,4.0,Cyclodex_B
mol_ATS1v,2.129584,True,True,False,True,5.0,Cyclodex_B
mol_SMR,2.0560722,True,True,False,True,6.0,Cyclodex_B
columo_MATS2Z,1.5943964,True,True,False,True,7.0,Cyclodex_B
mol_ATS1p,1.4770311,True,True,False,True,8.0,Cyclodex_B
mol_TIC1,1.3871493,True,True,False,True,9.0,Cyclodex_B
mol_IC3,1.3764645,True,True,False,True,10.0,Cyclodex_B
mol_ETA_shape_p,1.3426212,True,True,False,True,11.0,Cyclodex_B
mol_IC4,1.2443773,True,True,False,True,12.0,Cyclodex_B
mol_AMID,1.1629494,True,True,False,True,13.0,Cyclodex_B
mol_VSA_EState3,1.0549465,True,True,False,True,14.0,Cyclodex_B
mol_IC2,0.90240014,True,True,False,True,15.0,Cyclodex_B
mol_AXp-0d,0.6918784,True,True,False,True,16.0,Cyclodex_B
mol_ATS3p,0.6051182,True,True,False,True,17.0,Cyclodex_B
mol_nRot,0.58296525,True,True,False,True,18.0,Cyclodex_B
mol_piPC9,0.56496096,True,True,False,True,19.0,Cyclodex_B
mol_SlogP_VSA2,0.48368955,True,True,False,True,20.0,Cyclodex_B
mol_ATSC1i,0.4038815,True,True,False,True,21.0,Cyclodex_B
mol_ATS8i,0.3544449,True,True,False,True,22.0,Cyclodex_B
mol_AETA_beta,0.35281935,True,True,False,True,23.0,Cyclodex_B
mol_AATSC5dv,0.3364284,True,True,False,True,24.0,Cyclodex_B
mol_BalabanJ,0.32475844,True,True,False,True,25.0,Cyclodex_B
mol_TopoPSA(NO),0.3016503,True,True,False,True,26.0,Cyclodex_B
mol_PEOE_VSA7,0.29488483,True,True,False,True,27.0,Cyclodex_B
mol_ATSC5s,0.28701055,True,True,False,True,28.0,Cyclodex_B
mol_AATSC7d,0.2827336,True,True,False,True,29.0,Cyclodex_B
mol_ETA_eta_RL,0.26055086,True,True,False,True,30.0,Cyclodex_B
mol_MATS4i,0.25749087,True,True,False,True,31.0,Cyclodex_B
mol_GATS4Z,0.2539033,True,True,False,True,32.0,Cyclodex_B
mol_ATSC8d,0.22036125,True,True,False,True,33.0,Cyclodex_B
mol_EState_VSA7,0.21443495,True,True,False,True,34.0,Cyclodex_B
mol_AATSC1c,0.21372467,True,True,False,True,35.0,Cyclodex_B
mol_nBondsO,0.21162744,True,True,False,True,36.0,Cyclodex_B
mol_ATS1m,0.20676573,True,True,False,True,37.0,Cyclodex_B
mol_MAXaaCH,0.2042873,True,True,False,True,38.0,Cyclodex_B
mol_MATS3pe,0.19505115,True,True,False,True,39.0,Cyclodex_B
mol_MATS3d,0.19223227,True,True,False,True,40.0,Cyclodex_B
mol_PEOE_VSA12,0.18814975,True,True,False,True,41.0,Cyclodex_B
mol_VMcGowan,0.18799478,True,True,False,True,42.0,Cyclodex_B
mol_GATS5c,0.17935464,True,True,False,True,43.0,Cyclodex_B
mol_BCUTare-1l,0.17155455,True,True,False,True,44.0,Cyclodex_B
mol_ETA_dEpsilon_D,0.1687696,True,True,False,True,45.0,Cyclodex_B
mol_TpiPC10,0.16343145,True,True,False,True,46.0,Cyclodex_B
mol_AETA_eta_RL,0.16261429,True,True,False,True,47.0,Cyclodex_B
mol_JGI9,0.16250911,True,True,False,True,48.0,Cyclodex_B
mol_ATS2p,0.16044144,True,True,False,True,49.0,Cyclodex_B
mol_BertzCT,0.1537224,True,True,False,True,50.0,Cyclodex_B
mol_JGI6,0.15364209,True,True,False,True,51.0,Cyclodex_B
mol_VE2_A,0.15355594,True,True,False,True,52.0,Cyclodex_B
mol_GATS7Z,0.15343334,True,True,False,True,53.0,Cyclodex_B
mol_JGI4,0.15284649,True,True,False,True,54.0,Cyclodex_B
mol_PEOE_VSA10,0.15059815,True,True,False,True,55.0,Cyclodex_B
mol_GATS6se,0.14881803,True,True,False,True,56.0,Cyclodex_B
mol_MID_N,0.14032254,True,True,False,True,57.0,Cyclodex_B
mol_EState_VSA8,0.13686237,True,True,False,True,58.0,Cyclodex_B
mol_ATSC4p,0.13405408,True,True,False,True,59.0,Cyclodex_B
mol_ETA_epsilon_1,0.12697372,True,True,False,True,60.0,Cyclodex_B
mol_AATSC0p,0.12536497,True,True,False,True,61.0,Cyclodex_B
mol_SIC2,0.12330693,True,True,False,True,62.0,Cyclodex_B
mol_GATS1c,0.1232312,True,True,False,True,63.0,Cyclodex_B
mol_ATSC0v,0.12315428,True,True,False,True,64.0,Cyclodex_B
mol_GATS6p,0.12230123,True,True,False,True,65.0,Cyclodex_B
mol_MATS8i,0.12108764,True,True,False,True,66.0,Cyclodex_B
mol_VE1_A,0.12078854,True,True,False,True,67.0,Cyclodex_B
R_Count,0.11555459,True,True,False,True,68.0,Cyclodex_B
mol_ATSC0Z,0.113676414,True,True,False,True,69.0,Cyclodex_B
mol_MATS7dv,0.10996692,True,True,False,True,70.0,Cyclodex_B
mol_ATSC5Z,0.10695923,True,True,False,True,71.0,Cyclodex_B
mol_JGI8,0.105708785,True,True,False,True,72.0,Cyclodex_B
mol_GATS5Z,0.105668135,True,True,False,True,73.0,Cyclodex_B
mol_AATS2i,0.10383278,True,True,False,True,74.0,Cyclodex_B
mol_ETA_beta,0.10343358,True,True,False,True,75.0,Cyclodex_B
mol_MDEC-13,0.10173789,True,True,False,True,76.0,Cyclodex_B
mol_AATS2v,0.100820124,True,True,False,True,77.0,Cyclodex_B
mol_AATS5dv,0.09784203,True,False,False,True,78.0,Cyclodex_B
mol_C1SP2,0.0970584,True,False,False,True,79.0,Cyclodex_B
mol_AETA_eta_FL,0.0936612,True,False,False,True,80.0,Cyclodex_B
mol_GATS1i,0.09244186,True,False,False,True,81.0,Cyclodex_B
mol_GATS3are,0.0918847,True,False,False,True,82.0,Cyclodex_B
mol_Xp-7d,0.09135998,True,False,False,True,83.0,Cyclodex_B
mol_AATS2se,0.090406,True,False,False,True,84.0,Cyclodex_B
mol_RPCG,0.089410424,True,False,False,True,85.0,Cyclodex_B
mol_BCUTdv-1l,0.087163426,True,False,False,True,86.0,Cyclodex_B
mol_AATSC4p,0.08631462,True,False,False,True,87.0,Cyclodex_B
mol_MATS5are,0.08536359,True,False,False,True,88.0,Cyclodex_B
mol_MATS5pe,0.08133708,True,False,False,True,89.0,Cyclodex_B
mol_MDEC-22,0.080929235,True,False,False,True,90.0,Cyclodex_B
mol_VSA_EState5,0.07453413,True,False,False,True,91.0,Cyclodex_B
mol_ETA_eta_FL,0.07433078,True,False,False,True,92.0,Cyclodex_B
mol_MATS4s,0.07425738,True,False,False,True,93.0,Cyclodex_B
mol_ZMIC1,0.072380565,True,False,False,True,94.0,Cyclodex_B
mol_SpAbs_D,0.07043024,True,False,False,True,95.0,Cyclodex_B
mol_SlogP_VSA4,0.06957284,True,False,False,True,96.0,Cyclodex_B
mol_AATS6i,0.06940821,True,False,False,True,97.0,Cyclodex_B
mol_ATSC1s,0.068952,True,False,False,True,98.0,Cyclodex_B
mol_AXp-4dv,0.06796567,True,False,False,True,99.0,Cyclodex_B
mol_EState_VSA3,0.06794796,True,False,False,True,100.0,Cyclodex_B
mol_MATS7s,0.06748497,True,False,False,True,101.0,Cyclodex_B
mol_Mp,0.06663226,True,False,False,True,102.0,Cyclodex_B
mol_ATSC8Z,0.06572794,True,False,False,True,103.0,Cyclodex_B
mol_ETA_eta_F,0.06570551,True,False,False,True,104.0,Cyclodex_B
mol_AATS4p,0.06569347,True,False,False,True,105.0,Cyclodex_B
mol_ATSC5d,0.065412894,True,False,False,True,106.0,Cyclodex_B
mol_MDEC-34,0.063194476,True,False,False,True,107.0,Cyclodex_B
mol_JGI7,0.06314819,True,False,False,True,108.0,Cyclodex_B
mol_GATS8c,0.06290341,True,False,False,True,109.0,Cyclodex_B
mol_GATS4d,0.062719114,True,False,False,True,110.0,Cyclodex_B
mol_ATSC3Z,0.061732918,True,False,False,True,111.0,Cyclodex_B
mol_MDEC-23,0.061705463,True,False,False,True,112.0,Cyclodex_B
mol_GATS7s,0.060568515,True,False,False,True,113.0,Cyclodex_B
mol_MATS1are,0.05925215,True,False,False,True,114.0,Cyclodex_B
mol_GATS2v,0.058363825,True,False,False,True,115.0,Cyclodex_B
mol_ATS0Z,0.057622664,True,False,False,True,116.0,Cyclodex_B
mol_MINaasC,0.056929044,True,False,False,True,117.0,Cyclodex_B
mol_AATSC6dv,0.05386984,True,False,False,True,118.0,Cyclodex_B
mol_ATSC1p,0.053798396,True,False,False,True,119.0,Cyclodex_B
mol_C2SP3,0.050596785,True,False,False,True,120.0,Cyclodex_B
mol_MATS4pe,0.04988352,True,False,False,True,121.0,Cyclodex_B
mol_AXp-5d,0.049544696,True,False,False,True,122.0,Cyclodex_B
mol_nBonds,0.04943905,True,False,False,True,123.0,Cyclodex_B
mol_AATSC4i,0.04755641,True,False,False,True,124.0,Cyclodex_B
mol_SIC4,0.047295105,True,False,False,True,125.0,Cyclodex_B
mol_ATS8dv,0.046656255,True,False,False,True,126.0,Cyclodex_B
mol_ATS7d,0.046621453,True,False,False,True,127.0,Cyclodex_B
mol_AETA_eta_F,0.045483563,True,False,False,True,128.0,Cyclodex_B
mol_AATSC5Z,0.045104146,True,False,False,True,129.0,Cyclodex_B
mol_MATS3se,0.04494332,True,False,False,True,130.0,Cyclodex_B
mol_GATS5se,0.04471943,True,False,False,True,131.0,Cyclodex_B
mol_IC1,0.043880433,True,False,False,True,132.0,Cyclodex_B
mol_MATS2p,0.043575548,True,False,False,True,133.0,Cyclodex_B
mol_GATS7p,0.043096837,True,False,False,True,134.0,Cyclodex_B
mol_ATS6p,0.0430522,True,False,False,True,135.0,Cyclodex_B
mol_AATSC5i,0.04267742,True,False,False,True,136.0,Cyclodex_B
mol_FilterItLogS,0.042656615,True,False,False,True,137.0,Cyclodex_B
mol_ATSC7c,0.04235676,True,False,False,True,138.0,Cyclodex_B
mol_ATSC8v,0.041886862,True,False,False,True,139.0,Cyclodex_B
mol_ETA_beta_ns,0.041470043,True,False,False,True,140.0,Cyclodex_B
mol_GATS7se,0.041237287,True,False,False,True,141.0,Cyclodex_B
mol_BCUTv-1h,0.039974395,True,False,False,True,142.0,Cyclodex_B
mol_GATS2pe,0.03923471,True,False,False,True,143.0,Cyclodex_B
mol_AATS7d,0.038710546,True,False,False,True,144.0,Cyclodex_B
mol_AATS3Z,0.03834923,True,False,False,True,145.0,Cyclodex_B
mol_AATSC1i,0.038114004,True,False,False,True,146.0,Cyclodex_B
mol_RotRatio,0.038016368,True,False,False,True,147.0,Cyclodex_B
mol_MATS7c,0.03711467,True,False,False,True,148.0,Cyclodex_B
mol_ETA_epsilon_2,0.036808472,True,False,False,True,149.0,Cyclodex_B
mol_piPC10,0.03678523,True,False,False,True,150.0,Cyclodex_B
mol_IC0,0.03576251,True,False,False,True,151.0,Cyclodex_B
mol_SlogP_VSA6,0.035739154,True,False,False,True,152.0,Cyclodex_B
mol_AATS2pe,0.035589986,True,False,False,True,153.0,Cyclodex_B
mol_GATS4c,0.035569817,True,False,False,True,154.0,Cyclodex_B
mol_ATSC6p,0.035518706,True,False,False,True,155.0,Cyclodex_B
mol_AATS5i,0.03529588,True,False,False,True,156.0,Cyclodex_B
mol_GATS1d,0.03487622,True,False,False,True,157.0,Cyclodex_B
mol_CIC3,0.034521095,True,False,False,True,158.0,Cyclodex_B
mol_n10FHRing,0.033576373,True,False,False,True,159.0,Cyclodex_B
mol_ATS4d,0.033504367,True,False,False,True,160.0,Cyclodex_B
mol_BIC4,0.03338543,True,False,False,True,161.0,Cyclodex_B
mol_ETA_dAlpha_B,0.03334615,True,False,False,True,162.0,Cyclodex_B
mol_ATSC3s,0.032742202,True,False,False,True,163.0,Cyclodex_B
mol_ECIndex,0.03255327,True,False,False,True,164.0,Cyclodex_B
mol_MAXsOH,0.032536056,True,False,False,True,165.0,Cyclodex_B
mol_CIC4,0.03222662,True,False,False,True,166.0,Cyclodex_B
mol_GATS1dv,0.031472307,True,False,False,True,167.0,Cyclodex_B
mol_Xpc-5dv,0.031408474,True,False,False,True,168.0,Cyclodex_B
mol_ATS5i,0.030590503,True,False,False,True,169.0,Cyclodex_B
mol_AATSC2Z,0.030401327,True,False,False,True,170.0,Cyclodex_B
mol_AATS8v,0.03013519,True,False,False,True,171.0,Cyclodex_B
mol_ATSC1are,0.029640295,True,False,False,True,172.0,Cyclodex_B
mol_ATSC3se,0.02935409,True,False,False,True,173.0,Cyclodex_B
mol_JGI5,0.02913951,True,False,False,True,174.0,Cyclodex_B
mol_piPC2,0.029105226,True,False,False,True,175.0,Cyclodex_B
mol_ATSC6se,0.029057685,True,False,False,True,176.0,Cyclodex_B
mol_MATS1i,0.029001711,True,False,False,True,177.0,Cyclodex_B
mol_AATSC7dv,0.028941654,True,False,False,True,178.0,Cyclodex_B
mol_GATS6Z,0.028717274,True,False,False,True,179.0,Cyclodex_B
mol_AATSC6se,0.028672872,True,False,False,True,180.0,Cyclodex_B
mol_MATS7Z,0.028477706,True,False,False,True,181.0,Cyclodex_B
mol_MATS7p,0.027972374,True,False,False,True,182.0,Cyclodex_B
mol_GATS4se,0.027664062,True,False,False,True,183.0,Cyclodex_B
mol_GATS1p,0.027548546,True,False,False,True,184.0,Cyclodex_B
mol_ATSC7d,0.027460357,True,False,False,True,185.0,Cyclodex_B
mol_AATSC7s,0.02714054,True,False,False,True,186.0,Cyclodex_B
mol_SsssN,0.027113013,True,False,False,True,187.0,Cyclodex_B
mol_JGI2,0.026520371,True,False,False,True,188.0,Cyclodex_B
mol_SIC5,0.026520135,True,False,False,True,189.0,Cyclodex_B
mol_AATSC5c,0.026474573,True,False,False,True,190.0,Cyclodex_B
mol_ATSC7se,0.02646767,True,False,False,True,191.0,Cyclodex_B
mol_Vabc,0.026268076,True,False,False,True,192.0,Cyclodex_B
mol_AATS5p,0.02625206,True,False,False,True,193.0,Cyclodex_B
mol_GGI7,0.026022337,True,False,False,True,194.0,Cyclodex_B
mol_MATS6s,0.025953218,True,False,False,True,195.0,Cyclodex_B
mol_MATS4p,0.025321845,True,False,False,True,196.0,Cyclodex_B
Chiral_Type,0.025113244,True,False,True,True,197.0,Cyclodex_B
mol_bpol,0.025055725,True,False,False,True,198.0,Cyclodex_B
mol_ATSC6dv,0.024786636,True,False,False,True,199.0,Cyclodex_B
mol_MATS7m,0.02423345,True,False,False,True,200.0,Cyclodex_B
mol_Xpc-5d,0.023971923,True,False,False,True,201.0,Cyclodex_B
mol_GATS5p,0.023855327,True,False,False,True,202.0,Cyclodex_B
mol_C3SP2,0.023630477,True,False,False,True,203.0,Cyclodex_B
mol_VE2_DzZ,0.022909826,True,False,False,True,204.0,Cyclodex_B
mol_EState_VSA4,0.022467753,True,False,False,True,205.0,Cyclodex_B
mol_GATS1v,0.022452636,True,False,False,True,206.0,Cyclodex_B
mol_ATSC0se,0.022434827,True,False,False,True,207.0,Cyclodex_B
mol_PEOE_VSA6,0.022132281,True,False,False,True,208.0,Cyclodex_B
mol_ATSC2dv,0.02196844,True,False,False,True,209.0,Cyclodex_B
mol_MWC03,0.021908311,True,False,False,True,210.0,Cyclodex_B
mol_ATSC7Z,0.021849226,True,False,False,True,211.0,Cyclodex_B
mol_AATS8se,0.021680947,True,False,False,True,212.0,Cyclodex_B
Total_Chiral,0.0,False,False,True,True,1518.0,Cyclodex_B
mol_PEOE_VSA2,5.2373214,True,True,False,True,1.0,HP_chiral_20β
mol_piPC5,3.0707607,True,True,False,True,2.0,HP_chiral_20β
mol_IC5,2.7545576,True,True,False,True,3.0,HP_chiral_20β
columo_AATS2i,2.5946908,True,True,False,True,4.0,HP_chiral_20β
mol_ATS1v,2.0588436,True,True,False,True,5.0,HP_chiral_20β
mol_SMR,1.933736,True,True,False,True,6.0,HP_chiral_20β
mol_ETA_shape_p,1.8249998,True,True,False,True,7.0,HP_chiral_20β
columo_MATS2Z,1.7770398,True,True,False,True,8.0,HP_chiral_20β
mol_TIC1,1.5920925,True,True,False,True,9.0,HP_chiral_20β
mol_ATS1p,1.3811132,True,True,False,True,10.0,HP_chiral_20β
mol_VSA_EState3,1.2109982,True,True,False,True,11.0,HP_chiral_20β
mol_AMID,1.1553159,True,True,False,True,12.0,HP_chiral_20β
mol_IC3,1.1519758,True,True,False,True,13.0,HP_chiral_20β
mol_IC4,1.1125894,True,True,False,True,14.0,HP_chiral_20β
mol_AXp-0d,0.89730203,True,True,False,True,15.0,HP_chiral_20β
mol_IC2,0.7280241,True,True,False,True,16.0,HP_chiral_20β
mol_nRot,0.6683187,True,True,False,True,17.0,HP_chiral_20β
mol_ATS3p,0.6102362,True,True,False,True,18.0,HP_chiral_20β
mol_ATSC1i,0.5656234,True,True,False,True,19.0,HP_chiral_20β
mol_AATSC7d,0.47359884,True,True,False,True,20.0,HP_chiral_20β
mol_piPC9,0.4158977,True,True,False,True,21.0,HP_chiral_20β
mol_PEOE_VSA7,0.36951005,True,True,False,True,22.0,HP_chiral_20β
mol_TopoPSA(NO),0.3601592,True,True,False,True,23.0,HP_chiral_20β
mol_SlogP_VSA2,0.32407495,True,True,False,True,24.0,HP_chiral_20β
mol_ATS8i,0.32089677,True,True,False,True,25.0,HP_chiral_20β
mol_BalabanJ,0.32023832,True,True,False,True,26.0,HP_chiral_20β
mol_AATSC5dv,0.31761634,True,True,False,True,27.0,HP_chiral_20β
mol_ETA_eta_RL,0.31025565,True,True,False,True,28.0,HP_chiral_20β
mol_ATSC5s,0.30288345,True,True,False,True,29.0,HP_chiral_20β
mol_AETA_beta,0.27259243,True,True,False,True,30.0,HP_chiral_20β
mol_SIC2,0.26107734,True,True,False,True,31.0,HP_chiral_20β
mol_ATSC8d,0.25939685,True,True,False,True,32.0,HP_chiral_20β
mol_nBondsO,0.24792106,True,True,False,True,33.0,HP_chiral_20β
mol_EState_VSA7,0.24548884,True,True,False,True,34.0,HP_chiral_20β
mol_AATSC1c,0.24513914,True,True,False,True,35.0,HP_chiral_20β
mol_MAXaaCH,0.23998103,True,True,False,True,36.0,HP_chiral_20β
mol_MATS3d,0.2359185,True,True,False,True,37.0,HP_chiral_20β
mol_ETA_epsilon_1,0.21367876,True,True,False,True,38.0,HP_chiral_20β
mol_PEOE_VSA12,0.2125302,True,True,False,True,39.0,HP_chiral_20β
mol_VE2_A,0.18942271,True,True,False,True,40.0,HP_chiral_20β
mol_ATS2p,0.18532509,True,True,False,True,41.0,HP_chiral_20β
mol_MATS4i,0.18020836,True,True,False,True,42.0,HP_chiral_20β
mol_GATS7Z,0.17724937,True,True,False,True,43.0,HP_chiral_20β
mol_GATS4Z,0.17459364,True,True,False,True,44.0,HP_chiral_20β
mol_GATS5c,0.17329046,True,True,False,True,45.0,HP_chiral_20β
mol_VMcGowan,0.17187299,True,True,False,True,46.0,HP_chiral_20β
mol_MID_N,0.17177156,True,True,False,True,47.0,HP_chiral_20β
mol_JGI9,0.16668893,True,True,False,True,48.0,HP_chiral_20β
mol_JGI6,0.16648772,True,True,False,True,49.0,HP_chiral_20β
mol_ATS1m,0.16180223,True,True,False,True,50.0,HP_chiral_20β
mol_GATS1c,0.15918493,True,True,False,True,51.0,HP_chiral_20β
mol_PEOE_VSA10,0.15899207,True,True,False,True,52.0,HP_chiral_20β
mol_EState_VSA8,0.15824302,True,True,False,True,53.0,HP_chiral_20β
mol_MATS3pe,0.1573217,True,True,False,True,54.0,HP_chiral_20β
mol_ETA_dEpsilon_D,0.15612423,True,True,False,True,55.0,HP_chiral_20β
R_Count,0.15457606,True,True,False,True,56.0,HP_chiral_20β
mol_AETA_eta_RL,0.14892389,True,True,False,True,57.0,HP_chiral_20β
mol_GATS6se,0.14768182,True,True,False,True,58.0,HP_chiral_20β
mol_AATS2i,0.14000148,True,True,False,True,59.0,HP_chiral_20β
mol_TpiPC10,0.13465887,True,True,False,True,60.0,HP_chiral_20β
mol_GATS5Z,0.13216726,True,True,False,True,61.0,HP_chiral_20β
mol_MATS8i,0.13207775,True,True,False,True,62.0,HP_chiral_20β
mol_AETA_eta_FL,0.12642738,True,True,False,True,63.0,HP_chiral_20β
mol_BCUTare-1l,0.12522641,True,True,False,True,64.0,HP_chiral_20β
mol_VE1_A,0.12383105,True,True,False,True,65.0,HP_chiral_20β
mol_JGI8,0.123179324,True,True,False,True,66.0,HP_chiral_20β
mol_BertzCT,0.12101182,True,True,False,True,67.0,HP_chiral_20β
mol_GATS1i,0.11961549,True,True,False,True,68.0,HP_chiral_20β
mol_ATSC0v,0.119526304,True,True,False,True,69.0,HP_chiral_20β
mol_GATS6p,0.11761069,True,True,False,True,70.0,HP_chiral_20β
mol_AATS2se,0.115330316,True,True,False,True,71.0,HP_chiral_20β
mol_ATSC5Z,0.11444354,True,True,False,True,72.0,HP_chiral_20β
mol_ETA_beta,0.11227441,True,True,False,True,73.0,HP_chiral_20β
mol_AATS2v,0.11148361,True,True,False,True,74.0,HP_chiral_20β
mol_GATS3are,0.1092771,True,True,False,True,75.0,HP_chiral_20β
mol_JGI4,0.10575433,True,True,False,True,76.0,HP_chiral_20β
mol_C1SP2,0.10117725,True,True,False,True,77.0,HP_chiral_20β
mol_CIC4,0.10099877,True,True,False,True,78.0,HP_chiral_20β
mol_ATSC3Z,0.0997632,True,False,False,True,79.0,HP_chiral_20β
mol_ATSC0Z,0.09488275,True,False,False,True,80.0,HP_chiral_20β
mol_n10FHRing,0.092703156,True,False,False,True,81.0,HP_chiral_20β
mol_ATSC4p,0.0898436,True,False,False,True,82.0,HP_chiral_20β
mol_MATS4pe,0.089492984,True,False,False,True,83.0,HP_chiral_20β
mol_SpAbs_D,0.08661837,True,False,False,True,84.0,HP_chiral_20β
mol_MATS5pe,0.08558695,True,False,False,True,85.0,HP_chiral_20β
mol_MDEC-22,0.084489614,True,False,False,True,86.0,HP_chiral_20β
mol_SlogP_VSA4,0.08442956,True,False,False,True,87.0,HP_chiral_20β
mol_MATS4s,0.08440557,True,False,False,True,88.0,HP_chiral_20β
mol_Xp-7d,0.08254372,True,False,False,True,89.0,HP_chiral_20β
mol_BCUTdv-1l,0.08185216,True,False,False,True,90.0,HP_chiral_20β
mol_MATS7s,0.078945994,True,False,False,True,91.0,HP_chiral_20β
mol_RPCG,0.07855929,True,False,False,True,92.0,HP_chiral_20β
mol_AATSC0p,0.07780277,True,False,False,True,93.0,HP_chiral_20β
mol_AATS5dv,0.07722697,True,False,False,True,94.0,HP_chiral_20β
mol_ZMIC1,0.0755722,True,False,False,True,95.0,HP_chiral_20β
mol_VSA_EState5,0.07441236,True,False,False,True,96.0,HP_chiral_20β
mol_AATS3Z,0.07412203,True,False,False,True,97.0,HP_chiral_20β
mol_EState_VSA3,0.071939655,True,False,False,True,98.0,HP_chiral_20β
mol_MDEC-13,0.070696555,True,False,False,True,99.0,HP_chiral_20β
mol_AATS6i,0.07056876,True,False,False,True,100.0,HP_chiral_20β
mol_ATSC1s,0.07032093,True,False,False,True,101.0,HP_chiral_20β
mol_AATSC4p,0.06968693,True,False,False,True,102.0,HP_chiral_20β
mol_JGI7,0.06961771,True,False,False,True,103.0,HP_chiral_20β
mol_GATS4d,0.06961409,True,False,False,True,104.0,HP_chiral_20β
mol_AXp-4dv,0.06612938,True,False,False,True,105.0,HP_chiral_20β
mol_MDEC-23,0.06529659,True,False,False,True,106.0,HP_chiral_20β
mol_SIC4,0.06445234,True,False,False,True,107.0,HP_chiral_20β
mol_AATSC6dv,0.063703924,True,False,False,True,108.0,HP_chiral_20β
mol_MATS5are,0.062555216,True,False,False,True,109.0,HP_chiral_20β
mol_MATS2p,0.06222414,True,False,False,True,110.0,HP_chiral_20β
mol_MATS7dv,0.06161211,True,False,False,True,111.0,HP_chiral_20β
mol_ETA_eta_FL,0.061350904,True,False,False,True,112.0,HP_chiral_20β
mol_AATS4p,0.05976769,True,False,False,True,113.0,HP_chiral_20β
mol_nBonds,0.059415385,True,False,False,True,114.0,HP_chiral_20β
mol_ATSC3s,0.0591363,True,False,False,True,115.0,HP_chiral_20β
mol_MDEC-34,0.058512237,True,False,False,True,116.0,HP_chiral_20β
mol_MATS1are,0.05830233,True,False,False,True,117.0,HP_chiral_20β
mol_MINaasC,0.05814153,True,False,False,True,118.0,HP_chiral_20β
mol_GATS8c,0.057751585,True,False,False,True,119.0,HP_chiral_20β
mol_Mp,0.057155427,True,False,False,True,120.0,HP_chiral_20β
mol_BIC4,0.05667423,True,False,False,True,121.0,HP_chiral_20β
mol_IC1,0.05520969,True,False,False,True,122.0,HP_chiral_20β
mol_AETA_eta_F,0.055032965,True,False,False,True,123.0,HP_chiral_20β
mol_ATS8dv,0.054430492,True,False,False,True,124.0,HP_chiral_20β
mol_FilterItLogS,0.052363668,True,False,False,True,125.0,HP_chiral_20β
mol_ETA_dAlpha_B,0.052203383,True,False,False,True,126.0,HP_chiral_20β
mol_Xpc-5dv,0.050959222,True,False,False,True,127.0,HP_chiral_20β
mol_C2SP3,0.05018803,True,False,False,True,128.0,HP_chiral_20β
mol_AATSC6se,0.050069258,True,False,False,True,129.0,HP_chiral_20β
mol_ATSC8Z,0.049476977,True,False,False,True,130.0,HP_chiral_20β
mol_ETA_beta_ns,0.04911088,True,False,False,True,131.0,HP_chiral_20β
mol_ATSC7c,0.04809652,True,False,False,True,132.0,HP_chiral_20β
mol_AATS7d,0.047201797,True,False,False,True,133.0,HP_chiral_20β
mol_MATS4p,0.04644022,True,False,False,True,134.0,HP_chiral_20β
mol_GATS1d,0.046297647,True,False,False,True,135.0,HP_chiral_20β
mol_AATSC1i,0.04614611,True,False,False,True,136.0,HP_chiral_20β
mol_piPC10,0.045995943,True,False,False,True,137.0,HP_chiral_20β
mol_RotRatio,0.045152258,True,False,False,True,138.0,HP_chiral_20β
mol_ATS7d,0.04466497,True,False,False,True,139.0,HP_chiral_20β
mol_AXp-5d,0.04457106,True,False,False,True,140.0,HP_chiral_20β
mol_ATS0Z,0.044173185,True,False,False,True,141.0,HP_chiral_20β
mol_ETA_eta_F,0.043271665,True,False,False,True,142.0,HP_chiral_20β
mol_GATS5se,0.042725343,True,False,False,True,143.0,HP_chiral_20β
mol_GATS2pe,0.041886605,True,False,False,True,144.0,HP_chiral_20β
mol_IC0,0.041728217,True,False,False,True,145.0,HP_chiral_20β
mol_GATS1dv,0.041615363,True,False,False,True,146.0,HP_chiral_20β
mol_AATSC5Z,0.041591182,True,False,False,True,147.0,HP_chiral_20β
mol_BCUTv-1h,0.040914774,True,False,False,True,148.0,HP_chiral_20β
mol_SlogP_VSA6,0.040331196,True,False,False,True,149.0,HP_chiral_20β
mol_MATS1i,0.040265456,True,False,False,True,150.0,HP_chiral_20β
mol_GATS4c,0.039284773,True,False,False,True,151.0,HP_chiral_20β
mol_CIC3,0.039179083,True,False,False,True,152.0,HP_chiral_20β
mol_AATSC4i,0.03883277,True,False,False,True,153.0,HP_chiral_20β
mol_ATSC5d,0.03881438,True,False,False,True,154.0,HP_chiral_20β
mol_GATS7se,0.038183525,True,False,False,True,155.0,HP_chiral_20β
mol_ATSC6se,0.0370852,True,False,False,True,156.0,HP_chiral_20β
mol_ATSC3se,0.035663184,True,False,False,True,157.0,HP_chiral_20β
mol_ATSC1p,0.035398863,True,False,False,True,158.0,HP_chiral_20β
mol_AATSC7dv,0.034051023,True,False,False,True,159.0,HP_chiral_20β
mol_GATS7p,0.033845812,True,False,False,True,160.0,HP_chiral_20β
mol_GATS7s,0.033453684,True,False,False,True,161.0,HP_chiral_20β
mol_GATS2v,0.032730285,True,False,False,True,162.0,HP_chiral_20β
mol_AATSC2Z,0.032572545,True,False,False,True,163.0,HP_chiral_20β
mol_ETA_epsilon_2,0.032166056,True,False,False,True,164.0,HP_chiral_20β
mol_GATS8p,0.03167425,True,False,False,True,165.0,HP_chiral_20β
mol_ATS4d,0.031668857,True,False,False,True,166.0,HP_chiral_20β
mol_ATSC7d,0.03147452,True,False,False,True,167.0,HP_chiral_20β
mol_ATSC1are,0.03082351,True,False,False,True,168.0,HP_chiral_20β
mol_AATSC5i,0.03029728,True,False,False,True,169.0,HP_chiral_20β
mol_ATSC2s,0.029563941,True,False,False,True,170.0,HP_chiral_20β
mol_GATS1v,0.029314248,True,False,False,True,171.0,HP_chiral_20β
mol_ATS6p,0.029194828,True,False,False,True,172.0,HP_chiral_20β
mol_GATS6Z,0.028959356,True,False,False,True,173.0,HP_chiral_20β
mol_ATSC8v,0.028804261,True,False,False,True,174.0,HP_chiral_20β
mol_ATS5i,0.028789101,True,False,False,True,175.0,HP_chiral_20β
mol_GATS1p,0.02862982,True,False,False,True,176.0,HP_chiral_20β
mol_AATSC7s,0.028537387,True,False,False,True,177.0,HP_chiral_20β
mol_MATS3se,0.02779597,True,False,False,True,178.0,HP_chiral_20β
mol_GGI7,0.02779576,True,False,False,True,179.0,HP_chiral_20β
mol_SMR_VSA7,0.02762785,True,False,False,True,180.0,HP_chiral_20β
mol_VE2_DzZ,0.027106486,True,False,False,True,181.0,HP_chiral_20β
mol_AATS5i,0.02698933,True,False,False,True,182.0,HP_chiral_20β
mol_AATS2pe,0.02680639,True,False,False,True,183.0,HP_chiral_20β
mol_ATSC6dv,0.026641184,True,False,False,True,184.0,HP_chiral_20β
mol_AATSC0pe,0.026132328,True,False,False,True,185.0,HP_chiral_20β
mol_PEOE_VSA6,0.02552066,True,False,False,True,186.0,HP_chiral_20β
mol_ATSC4d,0.025143664,True,False,False,True,187.0,HP_chiral_20β
mol_AETA_eta_B,0.024675636,True,False,False,True,188.0,HP_chiral_20β
mol_AATS8v,0.024550728,True,False,False,True,189.0,HP_chiral_20β
mol_AATSC0v,0.024421172,True,False,False,True,190.0,HP_chiral_20β
mol_ATS3v,0.024284834,True,False,False,True,191.0,HP_chiral_20β
mol_JGI2,0.024198709,True,False,False,True,192.0,HP_chiral_20β
Chiral_Type,0.02405107,True,False,True,True,193.0,HP_chiral_20β
mol_JGI5,0.023844572,True,False,False,True,194.0,HP_chiral_20β
mol_SsssN,0.023619223,True,False,False,True,195.0,HP_chiral_20β
S_Count,0.023586148,True,False,False,True,196.0,HP_chiral_20β
mol_AATS5p,0.02317724,True,False,False,True,197.0,HP_chiral_20β
mol_AATS8se,0.02303784,True,False,False,True,198.0,HP_chiral_20β
mol_MATS4d,0.022835162,True,False,False,True,199.0,HP_chiral_20β
mol_Vabc,0.02264718,True,False,False,True,200.0,HP_chiral_20β
mol_GATS6d,0.022604989,True,False,False,True,201.0,HP_chiral_20β
mol_MATS7c,0.022373488,True,False,False,True,202.0,HP_chiral_20β
mol_GATS4se,0.02230861,True,False,False,True,203.0,HP_chiral_20β
mol_MATS7Z,0.022130061,True,False,False,True,204.0,HP_chiral_20β
mol_ATSC8s,0.021960856,True,False,False,True,205.0,HP_chiral_20β
mol_MAXsOH,0.021875469,True,False,False,True,206.0,HP_chiral_20β
mol_MATS6s,0.021788122,True,False,False,True,207.0,HP_chiral_20β
mol_SIC5,0.021694256,True,False,False,True,208.0,HP_chiral_20β
mol_ECIndex,0.021523368,True,False,False,True,209.0,HP_chiral_20β
Total_Chiral,0.0,False,False,True,True,1518.0,HP_chiral_20β
mol_PEOE_VSA2,5.5763683,True,True,False,True,1.0,"CP_Cyclodextrin_β_2,3,6_M_19"
columo_AATS2i,2.71978,True,True,False,True,2.0,"CP_Cyclodextrin_β_2,3,6_M_19"
mol_piPC5,2.553767,True,True,False,True,3.0,"CP_Cyclodextrin_β_2,3,6_M_19"
mol_IC5,2.2499094,True,True,False,True,4.0,"CP_Cyclodextrin_β_2,3,6_M_19"
mol_ATS1v,2.1725912,True,True,False,True,5.0,"CP_Cyclodextrin_β_2,3,6_M_19"
mol_SMR,2.0022106,True,True,False,True,6.0,"CP_Cyclodextrin_β_2,3,6_M_19"
columo_MATS2Z,1.9653354,True,True,False,True,7.0,"CP_Cyclodextrin_β_2,3,6_M_19"
mol_ETA_shape_p,1.963085,True,True,False,True,8.0,"CP_Cyclodextrin_β_2,3,6_M_19"
mol_TIC1,1.9341449,True,True,False,True,9.0,"CP_Cyclodextrin_β_2,3,6_M_19"
mol_ATS1p,1.4735777,True,True,False,True,10.0,"CP_Cyclodextrin_β_2,3,6_M_19"
mol_VSA_EState3,1.356823,True,True,False,True,11.0,"CP_Cyclodextrin_β_2,3,6_M_19"
mol_IC4,1.1411796,True,True,False,True,12.0,"CP_Cyclodextrin_β_2,3,6_M_19"
mol_AMID,1.0830747,True,True,False,True,13.0,"CP_Cyclodextrin_β_2,3,6_M_19"
mol_IC3,0.98532957,True,True,False,True,14.0,"CP_Cyclodextrin_β_2,3,6_M_19"
mol_AXp-0d,0.94400704,True,True,False,True,15.0,"CP_Cyclodextrin_β_2,3,6_M_19"
mol_ATS3p,0.65776134,True,True,False,True,16.0,"CP_Cyclodextrin_β_2,3,6_M_19"
mol_IC2,0.501141,True,True,False,True,17.0,"CP_Cyclodextrin_β_2,3,6_M_19"
mol_TopoPSA(NO),0.43780214,True,True,False,True,18.0,"CP_Cyclodextrin_β_2,3,6_M_19"
mol_ATSC5s,0.42061135,True,True,False,True,19.0,"CP_Cyclodextrin_β_2,3,6_M_19"
mol_AATSC5dv,0.40803787,True,True,False,True,20.0,"CP_Cyclodextrin_β_2,3,6_M_19"
mol_ETA_eta_RL,0.40223044,True,True,False,True,21.0,"CP_Cyclodextrin_β_2,3,6_M_19"
mol_ATSC8d,0.3209535,True,True,False,True,22.0,"CP_Cyclodextrin_β_2,3,6_M_19"
mol_piPC9,0.31193602,True,True,False,True,23.0,"CP_Cyclodextrin_β_2,3,6_M_19"
mol_AATSC1c,0.30945823,True,True,False,True,24.0,"CP_Cyclodextrin_β_2,3,6_M_19"
mol_BalabanJ,0.30165762,True,True,False,True,25.0,"CP_Cyclodextrin_β_2,3,6_M_19"
mol_PEOE_VSA7,0.3005274,True,True,False,True,26.0,"CP_Cyclodextrin_β_2,3,6_M_19"
mol_nBondsO,0.2925044,True,True,False,True,27.0,"CP_Cyclodextrin_β_2,3,6_M_19"
mol_ATS8i,0.2879898,True,True,False,True,28.0,"CP_Cyclodextrin_β_2,3,6_M_19"
mol_nRot,0.26425192,True,True,False,True,29.0,"CP_Cyclodextrin_β_2,3,6_M_19"
mol_ATSC1i,0.25461522,True,True,False,True,30.0,"CP_Cyclodextrin_β_2,3,6_M_19"
mol_MATS3d,0.25391167,True,True,False,True,31.0,"CP_Cyclodextrin_β_2,3,6_M_19"
mol_EState_VSA7,0.24539055,True,True,False,True,32.0,"CP_Cyclodextrin_β_2,3,6_M_19"
mol_VE2_A,0.23963016,True,True,False,True,33.0,"CP_Cyclodextrin_β_2,3,6_M_19"
mol_MAXaaCH,0.22226766,True,True,False,True,34.0,"CP_Cyclodextrin_β_2,3,6_M_19"
mol_ETA_epsilon_1,0.21567895,True,True,False,True,35.0,"CP_Cyclodextrin_β_2,3,6_M_19"
mol_ATS2p,0.2138324,True,True,False,True,36.0,"CP_Cyclodextrin_β_2,3,6_M_19"
mol_SlogP_VSA2,0.21042627,True,True,False,True,37.0,"CP_Cyclodextrin_β_2,3,6_M_19"
mol_MID_N,0.20802113,True,True,False,True,38.0,"CP_Cyclodextrin_β_2,3,6_M_19"
mol_GATS7Z,0.20362169,True,True,False,True,39.0,"CP_Cyclodextrin_β_2,3,6_M_19"
mol_PEOE_VSA12,0.20127112,True,True,False,True,40.0,"CP_Cyclodextrin_β_2,3,6_M_19"
mol_JGI9,0.1895797,True,True,False,True,41.0,"CP_Cyclodextrin_β_2,3,6_M_19"
mol_GATS1c,0.18559626,True,True,False,True,42.0,"CP_Cyclodextrin_β_2,3,6_M_19"
mol_PEOE_VSA10,0.1837781,True,True,False,True,43.0,"CP_Cyclodextrin_β_2,3,6_M_19"
mol_JGI6,0.17391832,True,True,False,True,44.0,"CP_Cyclodextrin_β_2,3,6_M_19"
mol_VMcGowan,0.16338967,True,True,False,True,45.0,"CP_Cyclodextrin_β_2,3,6_M_19"
mol_GATS5c,0.16032518,True,True,False,True,46.0,"CP_Cyclodextrin_β_2,3,6_M_19"
mol_MATS8i,0.15942091,True,True,False,True,47.0,"CP_Cyclodextrin_β_2,3,6_M_19"
R_Count,0.15814489,True,True,False,True,48.0,"CP_Cyclodextrin_β_2,3,6_M_19"
mol_AATSC7d,0.15366267,True,True,False,True,49.0,"CP_Cyclodextrin_β_2,3,6_M_19"
mol_AETA_beta,0.15304478,True,True,False,True,50.0,"CP_Cyclodextrin_β_2,3,6_M_19"
mol_MATS4i,0.1514187,True,True,False,True,51.0,"CP_Cyclodextrin_β_2,3,6_M_19"
mol_GATS4Z,0.15106596,True,True,False,True,52.0,"CP_Cyclodextrin_β_2,3,6_M_19"
mol_AETA_eta_RL,0.14432107,True,True,False,True,53.0,"CP_Cyclodextrin_β_2,3,6_M_19"
mol_EState_VSA8,0.13781998,True,True,False,True,54.0,"CP_Cyclodextrin_β_2,3,6_M_19"
mol_SIC2,0.13631947,True,True,False,True,55.0,"CP_Cyclodextrin_β_2,3,6_M_19"
mol_VE1_A,0.12990476,True,True,False,True,56.0,"CP_Cyclodextrin_β_2,3,6_M_19"
mol_JGI8,0.12960826,True,True,False,True,57.0,"CP_Cyclodextrin_β_2,3,6_M_19"
mol_ETA_beta,0.12920116,True,True,False,True,58.0,"CP_Cyclodextrin_β_2,3,6_M_19"
mol_AETA_eta_FL,0.12585402,True,True,False,True,59.0,"CP_Cyclodextrin_β_2,3,6_M_19"
mol_AATS2i,0.1242896,True,True,False,True,60.0,"CP_Cyclodextrin_β_2,3,6_M_19"
mol_GATS6se,0.123867236,True,True,False,True,61.0,"CP_Cyclodextrin_β_2,3,6_M_19"
mol_GATS5Z,0.12367446,True,True,False,True,62.0,"CP_Cyclodextrin_β_2,3,6_M_19"
mol_ATSC5Z,0.122205034,True,True,False,True,63.0,"CP_Cyclodextrin_β_2,3,6_M_19"
mol_MATS3pe,0.116727695,True,True,False,True,64.0,"CP_Cyclodextrin_β_2,3,6_M_19"
mol_GATS6p,0.11527935,True,True,False,True,65.0,"CP_Cyclodextrin_β_2,3,6_M_19"
mol_ATS1m,0.11401942,True,True,False,True,66.0,"CP_Cyclodextrin_β_2,3,6_M_19"
mol_SlogP_VSA4,0.11203805,True,True,False,True,67.0,"CP_Cyclodextrin_β_2,3,6_M_19"
mol_TpiPC10,0.11104272,True,True,False,True,68.0,"CP_Cyclodextrin_β_2,3,6_M_19"
mol_AATS2se,0.11072032,True,True,False,True,69.0,"CP_Cyclodextrin_β_2,3,6_M_19"
mol_AATS2v,0.110210545,True,True,False,True,70.0,"CP_Cyclodextrin_β_2,3,6_M_19"
mol_GATS3are,0.10345515,True,True,False,True,71.0,"CP_Cyclodextrin_β_2,3,6_M_19"
mol_SpAbs_D,0.10274526,True,True,False,True,72.0,"CP_Cyclodextrin_β_2,3,6_M_19"
mol_MDEC-22,0.10232487,True,True,False,True,73.0,"CP_Cyclodextrin_β_2,3,6_M_19"
mol_C1SP2,0.10221769,True,True,False,True,74.0,"CP_Cyclodextrin_β_2,3,6_M_19"
mol_BertzCT,0.101708665,True,True,False,True,75.0,"CP_Cyclodextrin_β_2,3,6_M_19"
mol_BCUTare-1l,0.09970065,True,False,False,True,76.0,"CP_Cyclodextrin_β_2,3,6_M_19"
mol_ATSC0v,0.099156685,True,False,False,True,77.0,"CP_Cyclodextrin_β_2,3,6_M_19"
mol_MATS5pe,0.09781417,True,False,False,True,78.0,"CP_Cyclodextrin_β_2,3,6_M_19"
mol_ETA_dEpsilon_D,0.094957106,True,False,False,True,79.0,"CP_Cyclodextrin_β_2,3,6_M_19"
mol_MATS4s,0.09228866,True,False,False,True,80.0,"CP_Cyclodextrin_β_2,3,6_M_19"
mol_MDEC-13,0.08794762,True,False,False,True,81.0,"CP_Cyclodextrin_β_2,3,6_M_19"
mol_GATS1i,0.087148815,True,False,False,True,82.0,"CP_Cyclodextrin_β_2,3,6_M_19"
mol_EState_VSA3,0.08705887,True,False,False,True,83.0,"CP_Cyclodextrin_β_2,3,6_M_19"
mol_VSA_EState5,0.08562137,True,False,False,True,84.0,"CP_Cyclodextrin_β_2,3,6_M_19"
mol_JGI4,0.085235134,True,False,False,True,85.0,"CP_Cyclodextrin_β_2,3,6_M_19"
mol_ATSC3Z,0.08474218,True,False,False,True,86.0,"CP_Cyclodextrin_β_2,3,6_M_19"
mol_ATSC1s,0.08423254,True,False,False,True,87.0,"CP_Cyclodextrin_β_2,3,6_M_19"
mol_ATSC4p,0.08161818,True,False,False,True,88.0,"CP_Cyclodextrin_β_2,3,6_M_19"
mol_GATS4d,0.07998995,True,False,False,True,89.0,"CP_Cyclodextrin_β_2,3,6_M_19"
mol_AATSC6dv,0.07829125,True,False,False,True,90.0,"CP_Cyclodextrin_β_2,3,6_M_19"
mol_AATS6i,0.0771612,True,False,False,True,91.0,"CP_Cyclodextrin_β_2,3,6_M_19"
mol_RPCG,0.07413337,True,False,False,True,92.0,"CP_Cyclodextrin_β_2,3,6_M_19"
mol_BCUTdv-1l,0.07263233,True,False,False,True,93.0,"CP_Cyclodextrin_β_2,3,6_M_19"
mol_AXp-4dv,0.07186462,True,False,False,True,94.0,"CP_Cyclodextrin_β_2,3,6_M_19"
mol_AETA_eta_F,0.07062323,True,False,False,True,95.0,"CP_Cyclodextrin_β_2,3,6_M_19"
mol_Xp-7d,0.063618034,True,False,False,True,96.0,"CP_Cyclodextrin_β_2,3,6_M_19"
mol_MATS1are,0.06332914,True,False,False,True,97.0,"CP_Cyclodextrin_β_2,3,6_M_19"
mol_ETA_beta_ns,0.063285306,True,False,False,True,98.0,"CP_Cyclodextrin_β_2,3,6_M_19"
mol_ATS8dv,0.0631501,True,False,False,True,99.0,"CP_Cyclodextrin_β_2,3,6_M_19"
mol_AATS3Z,0.06271402,True,False,False,True,100.0,"CP_Cyclodextrin_β_2,3,6_M_19"
mol_JGI7,0.060904503,True,False,False,True,101.0,"CP_Cyclodextrin_β_2,3,6_M_19"
mol_MDEC-34,0.060080588,True,False,False,True,102.0,"CP_Cyclodextrin_β_2,3,6_M_19"
mol_ETA_eta_FL,0.05943962,True,False,False,True,103.0,"CP_Cyclodextrin_β_2,3,6_M_19"
mol_AATS7d,0.05818287,True,False,False,True,104.0,"CP_Cyclodextrin_β_2,3,6_M_19"
mol_AATSC4p,0.05813804,True,False,False,True,105.0,"CP_Cyclodextrin_β_2,3,6_M_19"
mol_AATS5dv,0.058056355,True,False,False,True,106.0,"CP_Cyclodextrin_β_2,3,6_M_19"
mol_FilterItLogS,0.05772192,True,False,False,True,107.0,"CP_Cyclodextrin_β_2,3,6_M_19"
mol_AATS4p,0.05641254,True,False,False,True,108.0,"CP_Cyclodextrin_β_2,3,6_M_19"
mol_GATS8c,0.056275908,True,False,False,True,109.0,"CP_Cyclodextrin_β_2,3,6_M_19"
mol_MATS7dv,0.05602598,True,False,False,True,110.0,"CP_Cyclodextrin_β_2,3,6_M_19"
mol_nBonds,0.055302918,True,False,False,True,111.0,"CP_Cyclodextrin_β_2,3,6_M_19"
mol_piPC10,0.054834563,True,False,False,True,112.0,"CP_Cyclodextrin_β_2,3,6_M_19"
mol_Mp,0.052862577,True,False,False,True,113.0,"CP_Cyclodextrin_β_2,3,6_M_19"
mol_C2SP3,0.052289885,True,False,False,True,114.0,"CP_Cyclodextrin_β_2,3,6_M_19"
mol_MATS5are,0.051982246,True,False,False,True,115.0,"CP_Cyclodextrin_β_2,3,6_M_19"
mol_MINaasC,0.051845394,True,False,False,True,116.0,"CP_Cyclodextrin_β_2,3,6_M_19"
mol_ATSC7c,0.050837196,True,False,False,True,117.0,"CP_Cyclodextrin_β_2,3,6_M_19"
mol_SlogP_VSA6,0.049176935,True,False,False,True,118.0,"CP_Cyclodextrin_β_2,3,6_M_19"
mol_GATS2pe,0.04820008,True,False,False,True,119.0,"CP_Cyclodextrin_β_2,3,6_M_19"
mol_ATSC3s,0.048081584,True,False,False,True,120.0,"CP_Cyclodextrin_β_2,3,6_M_19"
mol_ATSC3se,0.047786593,True,False,False,True,121.0,"CP_Cyclodextrin_β_2,3,6_M_19"
mol_MATS4pe,0.047778077,True,False,False,True,122.0,"CP_Cyclodextrin_β_2,3,6_M_19"
mol_GATS1dv,0.046724416,True,False,False,True,123.0,"CP_Cyclodextrin_β_2,3,6_M_19"
mol_MATS7s,0.04598581,True,False,False,True,124.0,"CP_Cyclodextrin_β_2,3,6_M_19"
mol_AXp-5d,0.045523822,True,False,False,True,125.0,"CP_Cyclodextrin_β_2,3,6_M_19"
mol_ATS7d,0.045213364,True,False,False,True,126.0,"CP_Cyclodextrin_β_2,3,6_M_19"
mol_n10FHRing,0.04403966,True,False,False,True,127.0,"CP_Cyclodextrin_β_2,3,6_M_19"
mol_GATS5se,0.04294776,True,False,False,True,128.0,"CP_Cyclodextrin_β_2,3,6_M_19"
mol_CIC4,0.042055946,True,False,False,True,129.0,"CP_Cyclodextrin_β_2,3,6_M_19"
mol_BCUTv-1h,0.0412896,True,False,False,True,130.0,"CP_Cyclodextrin_β_2,3,6_M_19"
mol_GATS4c,0.040763214,True,False,False,True,131.0,"CP_Cyclodextrin_β_2,3,6_M_19"
mol_ATSC1are,0.03995622,True,False,False,True,132.0,"CP_Cyclodextrin_β_2,3,6_M_19"
mol_AATSC6se,0.039693274,True,False,False,True,133.0,"CP_Cyclodextrin_β_2,3,6_M_19"
mol_AATSC2Z,0.039403293,True,False,False,True,134.0,"CP_Cyclodextrin_β_2,3,6_M_19"
mol_AATSC0p,0.039330143,True,False,False,True,135.0,"CP_Cyclodextrin_β_2,3,6_M_19"
mol_ATSC5d,0.039322577,True,False,False,True,136.0,"CP_Cyclodextrin_β_2,3,6_M_19"
mol_ETA_dAlpha_B,0.03867819,True,False,False,True,137.0,"CP_Cyclodextrin_β_2,3,6_M_19"
mol_AATSC5Z,0.038280927,True,False,False,True,138.0,"CP_Cyclodextrin_β_2,3,6_M_19"
mol_BIC4,0.037131768,True,False,False,True,139.0,"CP_Cyclodextrin_β_2,3,6_M_19"
mol_RotRatio,0.036924616,True,False,False,True,140.0,"CP_Cyclodextrin_β_2,3,6_M_19"
mol_AATSC4i,0.036847256,True,False,False,True,141.0,"CP_Cyclodextrin_β_2,3,6_M_19"
mol_MDEC-23,0.036309864,True,False,False,True,142.0,"CP_Cyclodextrin_β_2,3,6_M_19"
mol_ATSC8Z,0.036023416,True,False,False,True,143.0,"CP_Cyclodextrin_β_2,3,6_M_19"
mol_ATSC6dv,0.035947923,True,False,False,True,144.0,"CP_Cyclodextrin_β_2,3,6_M_19"
mol_SIC4,0.034977444,True,False,False,True,145.0,"CP_Cyclodextrin_β_2,3,6_M_19"
mol_AATSC7dv,0.034781925,True,False,False,True,146.0,"CP_Cyclodextrin_β_2,3,6_M_19"
mol_AATSC7s,0.034563713,True,False,False,True,147.0,"CP_Cyclodextrin_β_2,3,6_M_19"
mol_ATSC0Z,0.034285266,True,False,False,True,148.0,"CP_Cyclodextrin_β_2,3,6_M_19"
mol_GATS1d,0.03378242,True,False,False,True,149.0,"CP_Cyclodextrin_β_2,3,6_M_19"
mol_VE2_DzZ,0.033018693,True,False,False,True,150.0,"CP_Cyclodextrin_β_2,3,6_M_19"
mol_ATS0Z,0.032617696,True,False,False,True,151.0,"CP_Cyclodextrin_β_2,3,6_M_19"
mol_ATS4d,0.03102105,True,False,False,True,152.0,"CP_Cyclodextrin_β_2,3,6_M_19"
mol_GATS8p,0.03099471,True,False,False,True,153.0,"CP_Cyclodextrin_β_2,3,6_M_19"
mol_GATS6Z,0.030335031,True,False,False,True,154.0,"CP_Cyclodextrin_β_2,3,6_M_19"
mol_SMR_VSA7,0.030047713,True,False,False,True,155.0,"CP_Cyclodextrin_β_2,3,6_M_19"
mol_SsssN,0.029916909,True,False,False,True,156.0,"CP_Cyclodextrin_β_2,3,6_M_19"
mol_AATSC0v,0.029823959,True,False,False,True,157.0,"CP_Cyclodextrin_β_2,3,6_M_19"
mol_ATSC8v,0.029676547,True,False,False,True,158.0,"CP_Cyclodextrin_β_2,3,6_M_19"
mol_GATS1p,0.029665865,True,False,False,True,159.0,"CP_Cyclodextrin_β_2,3,6_M_19"
mol_ATSC8s,0.029327342,True,False,False,True,160.0,"CP_Cyclodextrin_β_2,3,6_M_19"
mol_GATS2v,0.029218592,True,False,False,True,161.0,"CP_Cyclodextrin_β_2,3,6_M_19"
mol_ZMIC1,0.028482646,True,False,False,True,162.0,"CP_Cyclodextrin_β_2,3,6_M_19"
mol_GGI7,0.028333465,True,False,False,True,163.0,"CP_Cyclodextrin_β_2,3,6_M_19"
mol_GATS6d,0.027785858,True,False,False,True,164.0,"CP_Cyclodextrin_β_2,3,6_M_19"
mol_MATS1i,0.027505012,True,False,False,True,165.0,"CP_Cyclodextrin_β_2,3,6_M_19"
mol_AATSC0pe,0.02750253,True,False,False,True,166.0,"CP_Cyclodextrin_β_2,3,6_M_19"
mol_GATS7se,0.027360268,True,False,False,True,167.0,"CP_Cyclodextrin_β_2,3,6_M_19"
mol_MATS4p,0.027183957,True,False,False,True,168.0,"CP_Cyclodextrin_β_2,3,6_M_19"
mol_ATSC6se,0.02716447,True,False,False,True,169.0,"CP_Cyclodextrin_β_2,3,6_M_19"
mol_JGI2,0.027136218,True,False,False,True,170.0,"CP_Cyclodextrin_β_2,3,6_M_19"
mol_AATSC1i,0.026816519,True,False,False,True,171.0,"CP_Cyclodextrin_β_2,3,6_M_19"
mol_mZagreb2,0.026623916,True,False,False,True,172.0,"CP_Cyclodextrin_β_2,3,6_M_19"
mol_GATS1v,0.02638649,True,False,False,True,173.0,"CP_Cyclodextrin_β_2,3,6_M_19"
mol_ATSC4d,0.026166191,True,False,False,True,174.0,"CP_Cyclodextrin_β_2,3,6_M_19"
mol_IC1,0.025743147,True,False,False,True,175.0,"CP_Cyclodextrin_β_2,3,6_M_19"
mol_AATS2pe,0.025360774,True,False,False,True,176.0,"CP_Cyclodextrin_β_2,3,6_M_19"
Chiral_Type,0.025030283,True,False,True,True,177.0,"CP_Cyclodextrin_β_2,3,6_M_19"
S_Count,0.024818448,True,False,False,True,178.0,"CP_Cyclodextrin_β_2,3,6_M_19"
mol_AETA_eta_BR,0.024159836,True,False,False,True,179.0,"CP_Cyclodextrin_β_2,3,6_M_19"
mol_AATSC5i,0.02370873,True,False,False,True,180.0,"CP_Cyclodextrin_β_2,3,6_M_19"
mol_AATS5i,0.023520492,True,False,False,True,181.0,"CP_Cyclodextrin_β_2,3,6_M_19"
mol_MATS6s,0.023344923,True,False,False,True,182.0,"CP_Cyclodextrin_β_2,3,6_M_19"
mol_ATSC1p,0.02329435,True,False,False,True,183.0,"CP_Cyclodextrin_β_2,3,6_M_19"
mol_AETA_beta_ns,0.023127493,True,False,False,True,184.0,"CP_Cyclodextrin_β_2,3,6_M_19"
mol_Vabc,0.022802515,True,False,False,True,185.0,"CP_Cyclodextrin_β_2,3,6_M_19"
mol_PEOE_VSA6,0.02263843,True,False,False,True,186.0,"CP_Cyclodextrin_β_2,3,6_M_19"
mol_ATS5i,0.022009652,True,False,False,True,187.0,"CP_Cyclodextrin_β_2,3,6_M_19"
mol_GATS7p,0.021941204,True,False,False,True,188.0,"CP_Cyclodextrin_β_2,3,6_M_19"
mol_ATSC1Z,0.021147767,True,False,False,True,189.0,"CP_Cyclodextrin_β_2,3,6_M_19"
mol_CIC3,0.020945909,True,False,False,True,190.0,"CP_Cyclodextrin_β_2,3,6_M_19"
mol_ATSC1dv,0.020563178,True,False,False,True,191.0,"CP_Cyclodextrin_β_2,3,6_M_19"
Total_Chiral,0.0,False,False,True,True,1518.0,"CP_Cyclodextrin_β_2,3,6_M_19"
columo_AATS2i,8.129811,True,True,False,True,1.0,CP_Chirasil_D_Val
mol_PEOE_VSA2,5.784196,True,True,False,True,2.0,CP_Chirasil_D_Val
mol_ETA_shape_p,2.4616396,True,True,False,True,3.0,CP_Chirasil_D_Val
mol_ATS1v,2.446179,True,True,False,True,4.0,CP_Chirasil_D_Val
mol_TIC1,2.349456,True,True,False,True,5.0,CP_Chirasil_D_Val
columo_MATS2Z,1.9771149,True,True,False,True,6.0,CP_Chirasil_D_Val
mol_IC5,1.9064535,True,True,False,True,7.0,CP_Chirasil_D_Val
mol_piPC5,1.9031084,True,True,False,True,8.0,CP_Chirasil_D_Val
mol_SMR,1.7656686,True,True,False,True,9.0,CP_Chirasil_D_Val
mol_VSA_EState3,1.534024,True,True,False,True,10.0,CP_Chirasil_D_Val
mol_AMID,1.3184396,True,True,False,True,11.0,CP_Chirasil_D_Val
mol_AXp-0d,1.0981867,True,True,False,True,12.0,CP_Chirasil_D_Val
mol_ATS1p,1.0753592,True,True,False,True,13.0,CP_Chirasil_D_Val
mol_IC4,1.0184443,True,True,False,True,14.0,CP_Chirasil_D_Val
mol_IC3,0.9991991,True,True,False,True,15.0,CP_Chirasil_D_Val
mol_nBondsO,0.7040016,True,True,False,True,16.0,CP_Chirasil_D_Val
mol_IC2,0.49770805,True,True,False,True,17.0,CP_Chirasil_D_Val
mol_TopoPSA(NO),0.49269643,True,True,False,True,18.0,CP_Chirasil_D_Val
mol_ATS3p,0.43668506,True,True,False,True,19.0,CP_Chirasil_D_Val
mol_SpAbs_D,0.41928822,True,True,False,True,20.0,CP_Chirasil_D_Val
mol_VE1_A,0.37295637,True,True,False,True,21.0,CP_Chirasil_D_Val
mol_ETA_eta_RL,0.3401385,True,True,False,True,22.0,CP_Chirasil_D_Val
mol_ATSC1i,0.30618224,True,True,False,True,23.0,CP_Chirasil_D_Val
mol_GATS1c,0.30426568,True,True,False,True,24.0,CP_Chirasil_D_Val
mol_nRot,0.30087754,True,True,False,True,25.0,CP_Chirasil_D_Val
mol_AATSC5dv,0.29748967,True,True,False,True,26.0,CP_Chirasil_D_Val
mol_ETA_epsilon_1,0.29647538,True,True,False,True,27.0,CP_Chirasil_D_Val
mol_ATS8i,0.27013436,True,True,False,True,28.0,CP_Chirasil_D_Val
mol_BalabanJ,0.22951265,True,True,False,True,29.0,CP_Chirasil_D_Val
mol_piPC10,0.223902,True,True,False,True,30.0,CP_Chirasil_D_Val
mol_JGI6,0.21983498,True,True,False,True,31.0,CP_Chirasil_D_Val
mol_SIC2,0.21853341,True,True,False,True,32.0,CP_Chirasil_D_Val
mol_ATSC5s,0.21836348,True,True,False,True,33.0,CP_Chirasil_D_Val
mol_piPC9,0.21443483,True,True,False,True,34.0,CP_Chirasil_D_Val
mol_AATSC7d,0.20257257,True,True,False,True,35.0,CP_Chirasil_D_Val
mol_MID_N,0.20203806,True,True,False,True,36.0,CP_Chirasil_D_Val
mol_SlogP_VSA2,0.19271412,True,True,False,True,37.0,CP_Chirasil_D_Val
R_Count,0.19028413,True,True,False,True,38.0,CP_Chirasil_D_Val
mol_AATS2i,0.1897868,True,True,False,True,39.0,CP_Chirasil_D_Val
mol_GATS5Z,0.18766186,True,True,False,True,40.0,CP_Chirasil_D_Val
mol_JGI9,0.18270826,True,True,False,True,41.0,CP_Chirasil_D_Val
mol_VE2_A,0.18234903,True,True,False,True,42.0,CP_Chirasil_D_Val
mol_AETA_beta,0.1757999,True,True,False,True,43.0,CP_Chirasil_D_Val
mol_ATSC8d,0.17499937,True,True,False,True,44.0,CP_Chirasil_D_Val
mol_JGI8,0.16894947,True,True,False,True,45.0,CP_Chirasil_D_Val
mol_ATSC1s,0.16706455,True,True,False,True,46.0,CP_Chirasil_D_Val
mol_MATS8i,0.16339609,True,True,False,True,47.0,CP_Chirasil_D_Val
mol_PEOE_VSA12,0.15692523,True,True,False,True,48.0,CP_Chirasil_D_Val
mol_ETA_beta,0.15559202,True,True,False,True,49.0,CP_Chirasil_D_Val
mol_VSA_EState5,0.15170044,True,True,False,True,50.0,CP_Chirasil_D_Val
mol_MAXaaCH,0.1507268,True,True,False,True,51.0,CP_Chirasil_D_Val
mol_AXp-4dv,0.14849587,True,True,False,True,52.0,CP_Chirasil_D_Val
mol_GATS4Z,0.14691406,True,True,False,True,53.0,CP_Chirasil_D_Val
mol_VMcGowan,0.14503704,True,True,False,True,54.0,CP_Chirasil_D_Val
mol_PEOE_VSA10,0.14304799,True,True,False,True,55.0,CP_Chirasil_D_Val
mol_ATSC5Z,0.13661699,True,True,False,True,56.0,CP_Chirasil_D_Val
mol_VE2_DzZ,0.1348109,True,True,False,True,57.0,CP_Chirasil_D_Val
mol_ETA_beta_ns,0.13189684,True,True,False,True,58.0,CP_Chirasil_D_Val
mol_C2SP3,0.13047035,True,True,False,True,59.0,CP_Chirasil_D_Val
mol_MATS4i,0.12655176,True,True,False,True,60.0,CP_Chirasil_D_Val
mol_PEOE_VSA7,0.12584616,True,True,False,True,61.0,CP_Chirasil_D_Val
mol_MATS3d,0.11958474,True,True,False,True,62.0,CP_Chirasil_D_Val
mol_GGI7,0.11574298,True,True,False,True,63.0,CP_Chirasil_D_Val
mol_AETA_eta_FL,0.11507043,True,True,False,True,64.0,CP_Chirasil_D_Val
mol_AATS7d,0.115043834,True,True,False,True,65.0,CP_Chirasil_D_Val
mol_EState_VSA7,0.11488376,True,True,False,True,66.0,CP_Chirasil_D_Val
mol_RPCG,0.113064334,True,True,False,True,67.0,CP_Chirasil_D_Val
mol_MATS3pe,0.11133232,True,True,False,True,68.0,CP_Chirasil_D_Val
mol_SlogP_VSA4,0.11129325,True,True,False,True,69.0,CP_Chirasil_D_Val
mol_AATSC1c,0.10990152,True,True,False,True,70.0,CP_Chirasil_D_Val
mol_GATS6se,0.1089301,True,True,False,True,71.0,CP_Chirasil_D_Val
mol_ATS1m,0.1067643,True,True,False,True,72.0,CP_Chirasil_D_Val
mol_AETA_eta_RL,0.105871595,True,True,False,True,73.0,CP_Chirasil_D_Val
mol_AATS2v,0.1020728,True,True,False,True,74.0,CP_Chirasil_D_Val
mol_CIC4,0.10008837,True,True,False,True,75.0,CP_Chirasil_D_Val
mol_ATSC3Z,0.09890911,True,False,False,True,76.0,CP_Chirasil_D_Val
mol_ATS2p,0.09879899,True,False,False,True,77.0,CP_Chirasil_D_Val
mol_ATS0v,0.09427076,True,False,False,True,78.0,CP_Chirasil_D_Val
mol_GATS6Z,0.092174955,True,False,False,True,79.0,CP_Chirasil_D_Val
mol_GATS1i,0.091180354,True,False,False,True,80.0,CP_Chirasil_D_Val
mol_C1SP2,0.090635344,True,False,False,True,81.0,CP_Chirasil_D_Val
mol_MATS4s,0.089598805,True,False,False,True,82.0,CP_Chirasil_D_Val
mol_TpiPC10,0.08895311,True,False,False,True,83.0,CP_Chirasil_D_Val
mol_BCUTare-1l,0.08661799,True,False,False,True,84.0,CP_Chirasil_D_Val
mol_MATS1i,0.085934564,True,False,False,True,85.0,CP_Chirasil_D_Val
mol_GATS7Z,0.085818954,True,False,False,True,86.0,CP_Chirasil_D_Val
mol_MDEC-22,0.085392304,True,False,False,True,87.0,CP_Chirasil_D_Val
mol_BertzCT,0.08216039,True,False,False,True,88.0,CP_Chirasil_D_Val
mol_MATS5pe,0.07879912,True,False,False,True,89.0,CP_Chirasil_D_Val
S_Count,0.07724601,True,False,False,True,90.0,CP_Chirasil_D_Val
mol_GATS6p,0.07519192,True,False,False,True,91.0,CP_Chirasil_D_Val
mol_EState_VSA8,0.07504596,True,False,False,True,92.0,CP_Chirasil_D_Val
mol_AATS6i,0.07338072,True,False,False,True,93.0,CP_Chirasil_D_Val
mol_ATSC4p,0.07282061,True,False,False,True,94.0,CP_Chirasil_D_Val
mol_AATS3Z,0.071945146,True,False,False,True,95.0,CP_Chirasil_D_Val
mol_SssssC,0.070977025,True,False,False,True,96.0,CP_Chirasil_D_Val
mol_JGI4,0.06989125,True,False,False,True,97.0,CP_Chirasil_D_Val
mol_Sp,0.06915577,True,False,False,True,98.0,CP_Chirasil_D_Val
mol_BCUTdv-1l,0.068577595,True,False,False,True,99.0,CP_Chirasil_D_Val
mol_GATS5c,0.06795319,True,False,False,True,100.0,CP_Chirasil_D_Val
mol_SsssN,0.06638288,True,False,False,True,101.0,CP_Chirasil_D_Val
mol_AXp-5d,0.06476266,True,False,False,True,102.0,CP_Chirasil_D_Val
mol_ETA_eta_FL,0.06315102,True,False,False,True,103.0,CP_Chirasil_D_Val
mol_GATS8c,0.06305638,True,False,False,True,104.0,CP_Chirasil_D_Val
mol_ATS8dv,0.062352486,True,False,False,True,105.0,CP_Chirasil_D_Val
mol_MATS1are,0.062021706,True,False,False,True,106.0,CP_Chirasil_D_Val
mol_AATSC5d,0.061120138,True,False,False,True,107.0,CP_Chirasil_D_Val
mol_ATSC1are,0.059664957,True,False,False,True,108.0,CP_Chirasil_D_Val
mol_ATS4se,0.059324984,True,False,False,True,109.0,CP_Chirasil_D_Val
mol_MDEC-13,0.05912937,True,False,False,True,110.0,CP_Chirasil_D_Val
mol_FilterItLogS,0.05871815,True,False,False,True,111.0,CP_Chirasil_D_Val
mol_AATSC2Z,0.0562173,True,False,False,True,112.0,CP_Chirasil_D_Val
mol_WPath,0.056208335,True,False,False,True,113.0,CP_Chirasil_D_Val
mol_GATS1dv,0.05441003,True,False,False,True,114.0,CP_Chirasil_D_Val
mol_piPC3,0.054267414,True,False,False,True,115.0,CP_Chirasil_D_Val
mol_BCUTi-1h,0.05416497,True,False,False,True,116.0,CP_Chirasil_D_Val
mol_JGI2,0.05398977,True,False,False,True,117.0,CP_Chirasil_D_Val
mol_piPC2,0.053058166,True,False,False,True,118.0,CP_Chirasil_D_Val
mol_Xp-7d,0.052189764,True,False,False,True,119.0,CP_Chirasil_D_Val
mol_ETA_dAlpha_B,0.051495124,True,False,False,True,120.0,CP_Chirasil_D_Val
mol_AATS4p,0.051425807,True,False,False,True,121.0,CP_Chirasil_D_Val
Chiral_Type,0.051322255,True,False,True,True,122.0,CP_Chirasil_D_Val
mol_JGI7,0.050783888,True,False,False,True,123.0,CP_Chirasil_D_Val
mol_n10FHRing,0.049060922,True,False,False,True,124.0,CP_Chirasil_D_Val
mol_MATS7dv,0.048718184,True,False,False,True,125.0,CP_Chirasil_D_Val
mol_BIC4,0.048343193,True,False,False,True,126.0,CP_Chirasil_D_Val
mol_AATS8se,0.04803871,True,False,False,True,127.0,CP_Chirasil_D_Val
mol_MATS4pe,0.047908828,True,False,False,True,128.0,CP_Chirasil_D_Val
mol_Mp,0.047651984,True,False,False,True,129.0,CP_Chirasil_D_Val
mol_ATSC0v,0.04629,True,False,False,True,130.0,CP_Chirasil_D_Val
mol_GATS2pe,0.046102993,True,False,False,True,131.0,CP_Chirasil_D_Val
mol_ATS8Z,0.046006717,True,False,False,True,132.0,CP_Chirasil_D_Val
mol_nBondsKS,0.04585778,True,False,False,True,133.0,CP_Chirasil_D_Val
mol_AATS2se,0.04452975,True,False,False,True,134.0,CP_Chirasil_D_Val
mol_nBonds,0.044415686,True,False,False,True,135.0,CP_Chirasil_D_Val
mol_GGI10,0.04430448,True,False,False,True,136.0,CP_Chirasil_D_Val
mol_MATS5are,0.04427333,True,False,False,True,137.0,CP_Chirasil_D_Val
mol_ATSC6dv,0.04421109,True,False,False,True,138.0,CP_Chirasil_D_Val
mol_AATSC4p,0.043110177,True,False,False,True,139.0,CP_Chirasil_D_Val
mol_ATSC5d,0.042634983,True,False,False,True,140.0,CP_Chirasil_D_Val
mol_GATS3are,0.04177537,True,False,False,True,141.0,CP_Chirasil_D_Val
mol_EState_VSA3,0.041468427,True,False,False,True,142.0,CP_Chirasil_D_Val
mol_mZagreb2,0.04062024,True,False,False,True,143.0,CP_Chirasil_D_Val
mol_MDEC-23,0.04051573,True,False,False,True,144.0,CP_Chirasil_D_Val
mol_GATS4d,0.039972987,True,False,False,True,145.0,CP_Chirasil_D_Val
mol_ETA_dEpsilon_D,0.03987705,True,False,False,True,146.0,CP_Chirasil_D_Val
mol_BCUTv-1h,0.039813157,True,False,False,True,147.0,CP_Chirasil_D_Val
mol_SMR_VSA7,0.03975326,True,False,False,True,148.0,CP_Chirasil_D_Val
mol_MATS4p,0.038512066,True,False,False,True,149.0,CP_Chirasil_D_Val
mol_GATS1v,0.038421042,True,False,False,True,150.0,CP_Chirasil_D_Val
mol_AATSC0p,0.03765085,True,False,False,True,151.0,CP_Chirasil_D_Val
mol_MINaasC,0.037568927,True,False,False,True,152.0,CP_Chirasil_D_Val
mol_AATS5i,0.036689177,True,False,False,True,153.0,CP_Chirasil_D_Val
mol_GATS8p,0.036680203,True,False,False,True,154.0,CP_Chirasil_D_Val
mol_AATSC1i,0.03667677,True,False,False,True,155.0,CP_Chirasil_D_Val
mol_AATSC4i,0.036603082,True,False,False,True,156.0,CP_Chirasil_D_Val
mol_MATS7d,0.036430676,True,False,False,True,157.0,CP_Chirasil_D_Val
mol_AATSC7dv,0.035753384,True,False,False,True,158.0,CP_Chirasil_D_Val
mol_SIC4,0.035535824,True,False,False,True,159.0,CP_Chirasil_D_Val
mol_Vabc,0.03522639,True,False,False,True,160.0,CP_Chirasil_D_Val
mol_ATS7d,0.03491169,True,False,False,True,161.0,CP_Chirasil_D_Val
mol_MDEC-34,0.03484299,True,False,False,True,162.0,CP_Chirasil_D_Val
mol_ATS4d,0.03430592,True,False,False,True,163.0,CP_Chirasil_D_Val
mol_AATSC4v,0.03349722,True,False,False,True,164.0,CP_Chirasil_D_Val
mol_ATS0Z,0.032527532,True,False,False,True,165.0,CP_Chirasil_D_Val
mol_ATSC8Z,0.03229743,True,False,False,True,166.0,CP_Chirasil_D_Val
mol_MATS6s,0.032198064,True,False,False,True,167.0,CP_Chirasil_D_Val
mol_ATSC4Z,0.032015156,True,False,False,True,168.0,CP_Chirasil_D_Val
mol_VE3_A,0.03157456,True,False,False,True,169.0,CP_Chirasil_D_Val
mol_GATS5se,0.031010224,True,False,False,True,170.0,CP_Chirasil_D_Val
mol_IC1,0.030411983,True,False,False,True,171.0,CP_Chirasil_D_Val
mol_ATSC3s,0.029348327,True,False,False,True,172.0,CP_Chirasil_D_Val
mol_ZMIC0,0.029115459,True,False,False,True,173.0,CP_Chirasil_D_Val
mol_GATS1p,0.028673576,True,False,False,True,174.0,CP_Chirasil_D_Val
mol_ATSC0Z,0.028443022,True,False,False,True,175.0,CP_Chirasil_D_Val
mol_JGI10,0.027891593,True,False,False,True,176.0,CP_Chirasil_D_Val
mol_GATS5i,0.027724806,True,False,False,True,177.0,CP_Chirasil_D_Val
mol_MATS6d,0.027535357,True,False,False,True,178.0,CP_Chirasil_D_Val
mol_AATSC6dv,0.027424488,True,False,False,True,179.0,CP_Chirasil_D_Val
mol_AETA_eta_BR,0.027381588,True,False,False,True,180.0,CP_Chirasil_D_Val
mol_SMR_VSA6,0.026625095,True,False,False,True,181.0,CP_Chirasil_D_Val
mol_AATSC6se,0.026306303,True,False,False,True,182.0,CP_Chirasil_D_Val
mol_ATSC6se,0.02604565,True,False,False,True,183.0,CP_Chirasil_D_Val
mol_ATSC1Z,0.025696678,True,False,False,True,184.0,CP_Chirasil_D_Val
mol_MATS4d,0.025363361,True,False,False,True,185.0,CP_Chirasil_D_Val
mol_AATSC0pe,0.025004622,True,False,False,True,186.0,CP_Chirasil_D_Val
mol_Mi,0.024895309,True,False,False,True,187.0,CP_Chirasil_D_Val
mol_RotRatio,0.024779582,True,False,False,True,188.0,CP_Chirasil_D_Val
mol_ATSC3se,0.023886727,True,False,False,True,189.0,CP_Chirasil_D_Val
mol_MWC02,0.023856653,True,False,False,True,190.0,CP_Chirasil_D_Val
mol_AETA_beta_ns,0.023776492,True,False,False,True,191.0,CP_Chirasil_D_Val
mol_Xpc-5dv,0.023285508,True,False,False,True,192.0,CP_Chirasil_D_Val
Total_Chiral,0.0,False,False,True,True,1518.0,CP_Chirasil_D_Val
mol_piPC5,6.1086683,True,True,False,True,1.0,CP_Chirasil_Dex_CB
mol_IC5,4.8278246,True,True,False,True,2.0,CP_Chirasil_Dex_CB
mol_PEOE_VSA2,4.5171523,True,True,False,True,3.0,CP_Chirasil_Dex_CB
mol_ATS1v,2.402056,True,True,False,True,4.0,CP_Chirasil_Dex_CB
mol_SMR,2.2881148,True,True,False,True,5.0,CP_Chirasil_Dex_CB
columo_AATS2i,2.018719,True,True,False,True,6.0,CP_Chirasil_Dex_CB
mol_IC3,1.9706181,True,True,False,True,7.0,CP_Chirasil_Dex_CB
mol_ATS1p,1.6107975,True,True,False,True,8.0,CP_Chirasil_Dex_CB
mol_IC2,1.4010218,True,True,False,True,9.0,CP_Chirasil_Dex_CB
mol_AMID,1.3825634,True,True,False,True,10.0,CP_Chirasil_Dex_CB
mol_IC4,1.143604,True,True,False,True,11.0,CP_Chirasil_Dex_CB
columo_MATS2Z,1.0320154,True,True,False,True,12.0,CP_Chirasil_Dex_CB
mol_nRot,0.94389486,True,True,False,True,13.0,CP_Chirasil_Dex_CB
mol_piPC9,0.93230605,True,True,False,True,14.0,CP_Chirasil_Dex_CB
mol_ETA_shape_p,0.7865451,True,True,False,True,15.0,CP_Chirasil_Dex_CB
mol_TIC1,0.7489499,True,True,False,True,16.0,CP_Chirasil_Dex_CB
mol_SlogP_VSA2,0.68510747,True,True,False,True,17.0,CP_Chirasil_Dex_CB
mol_ATS3p,0.6693072,True,True,False,True,18.0,CP_Chirasil_Dex_CB
mol_VSA_EState3,0.5675186,True,True,False,True,19.0,CP_Chirasil_Dex_CB
mol_AETA_beta,0.5542377,True,True,False,True,20.0,CP_Chirasil_Dex_CB
mol_MATS4i,0.54835665,True,True,False,True,21.0,CP_Chirasil_Dex_CB
mol_ATS8i,0.44750747,True,True,False,True,22.0,CP_Chirasil_Dex_CB
mol_ATSC1i,0.4380728,True,True,False,True,23.0,CP_Chirasil_Dex_CB
mol_BalabanJ,0.39249587,True,True,False,True,24.0,CP_Chirasil_Dex_CB
mol_PEOE_VSA7,0.38345048,True,True,False,True,25.0,CP_Chirasil_Dex_CB
mol_AXp-0d,0.37967396,True,True,False,True,26.0,CP_Chirasil_Dex_CB
mol_JGI4,0.37202144,True,True,False,True,27.0,CP_Chirasil_Dex_CB
mol_BertzCT,0.34041587,True,True,False,True,28.0,CP_Chirasil_Dex_CB
mol_ATS1m,0.31193578,True,True,False,True,29.0,CP_Chirasil_Dex_CB
mol_GATS2v,0.29729453,True,True,False,True,30.0,CP_Chirasil_Dex_CB
mol_BCUTare-1l,0.29085824,True,True,False,True,31.0,CP_Chirasil_Dex_CB
mol_ETA_dEpsilon_D,0.2885345,True,True,False,True,32.0,CP_Chirasil_Dex_CB
mol_ATSC4p,0.28159037,True,True,False,True,33.0,CP_Chirasil_Dex_CB
mol_TpiPC10,0.27752933,True,True,False,True,34.0,CP_Chirasil_Dex_CB
mol_GATS4Z,0.26411742,True,True,False,True,35.0,CP_Chirasil_Dex_CB
mol_VMcGowan,0.24601127,True,True,False,True,36.0,CP_Chirasil_Dex_CB
mol_MAXsOH,0.24574156,True,True,False,True,37.0,CP_Chirasil_Dex_CB
mol_AATSC0p,0.2255713,True,True,False,True,38.0,CP_Chirasil_Dex_CB
mol_EState_VSA7,0.21551439,True,True,False,True,39.0,CP_Chirasil_Dex_CB
mol_EState_VSA8,0.2132964,True,True,False,True,40.0,CP_Chirasil_Dex_CB
mol_MATS3d,0.20128189,True,True,False,True,41.0,CP_Chirasil_Dex_CB
mol_AATSC4p,0.19447209,True,True,False,True,42.0,CP_Chirasil_Dex_CB
mol_GATS5c,0.19438854,True,True,False,True,43.0,CP_Chirasil_Dex_CB
mol_MATS7dv,0.19204472,True,True,False,True,44.0,CP_Chirasil_Dex_CB
mol_AATS5dv,0.18101472,True,True,False,True,45.0,CP_Chirasil_Dex_CB
mol_MAXaaCH,0.17084515,True,True,False,True,46.0,CP_Chirasil_Dex_CB
mol_ATSC0v,0.16916819,True,True,False,True,47.0,CP_Chirasil_Dex_CB
mol_Xp-7d,0.16442685,True,True,False,True,48.0,CP_Chirasil_Dex_CB
mol_ETA_eta_FL,0.1642583,True,True,False,True,49.0,CP_Chirasil_Dex_CB
mol_MATS3pe,0.15808779,True,True,False,True,50.0,CP_Chirasil_Dex_CB
mol_AATSC5dv,0.1530623,True,True,False,True,51.0,CP_Chirasil_Dex_CB
mol_ATSC5d,0.15173489,True,True,False,True,52.0,CP_Chirasil_Dex_CB
mol_ATSC0Z,0.14806351,True,True,False,True,53.0,CP_Chirasil_Dex_CB
mol_ATSC1p,0.1448782,True,True,False,True,54.0,CP_Chirasil_Dex_CB
mol_GATS7s,0.13862628,True,True,False,True,55.0,CP_Chirasil_Dex_CB
mol_JGI6,0.13490379,True,True,False,True,56.0,CP_Chirasil_Dex_CB
mol_VSA_EState6,0.13441187,True,True,False,True,57.0,CP_Chirasil_Dex_CB
mol_TopoPSA(NO),0.13228187,True,True,False,True,58.0,CP_Chirasil_Dex_CB
mol_AATSC7d,0.13208255,True,True,False,True,59.0,CP_Chirasil_Dex_CB
mol_GATS6se,0.13203475,True,True,False,True,60.0,CP_Chirasil_Dex_CB
mol_MATS5are,0.12817763,True,True,False,True,61.0,CP_Chirasil_Dex_CB
mol_PEOE_VSA12,0.12376001,True,True,False,True,62.0,CP_Chirasil_Dex_CB
mol_ZMIC1,0.12301285,True,True,False,True,63.0,CP_Chirasil_Dex_CB
mol_ETA_eta_F,0.11916123,True,True,False,True,64.0,CP_Chirasil_Dex_CB
mol_nBondsO,0.11701048,True,True,False,True,65.0,CP_Chirasil_Dex_CB
mol_MATS2p,0.113583796,True,True,False,True,66.0,CP_Chirasil_Dex_CB
mol_VE1_A,0.11281651,True,True,False,True,67.0,CP_Chirasil_Dex_CB
mol_JGI9,0.11176624,True,True,False,True,68.0,CP_Chirasil_Dex_CB
mol_GATS6p,0.10681551,True,True,False,True,69.0,CP_Chirasil_Dex_CB
mol_GATS7Z,0.10628783,True,True,False,True,70.0,CP_Chirasil_Dex_CB
mol_AATSC1c,0.10374127,True,True,False,True,71.0,CP_Chirasil_Dex_CB
mol_AETA_eta_RL,0.10356236,True,True,False,True,72.0,CP_Chirasil_Dex_CB
mol_ATS2p,0.103494555,True,True,False,True,73.0,CP_Chirasil_Dex_CB
mol_MATS4s,0.10042034,True,True,False,True,74.0,CP_Chirasil_Dex_CB
mol_AATS2pe,0.09959145,True,False,False,True,75.0,CP_Chirasil_Dex_CB
mol_Mp,0.097603865,True,False,False,True,76.0,CP_Chirasil_Dex_CB
R_Count,0.09549043,True,False,False,True,77.0,CP_Chirasil_Dex_CB
mol_ATS0Z,0.09008742,True,False,False,True,78.0,CP_Chirasil_Dex_CB
mol_JGI7,0.08870659,True,False,False,True,79.0,CP_Chirasil_Dex_CB
mol_AXp-4dv,0.088465355,True,False,False,True,80.0,CP_Chirasil_Dex_CB
mol_ATS2s,0.086309455,True,False,False,True,81.0,CP_Chirasil_Dex_CB
mol_MDEC-23,0.084861405,True,False,False,True,82.0,CP_Chirasil_Dex_CB
mol_AATS4m,0.084382705,True,False,False,True,83.0,CP_Chirasil_Dex_CB
mol_AATS4p,0.08169239,True,False,False,True,84.0,CP_Chirasil_Dex_CB
mol_GATS3are,0.08084029,True,False,False,True,85.0,CP_Chirasil_Dex_CB
mol_SIC2,0.079067245,True,False,False,True,86.0,CP_Chirasil_Dex_CB
mol_JGI8,0.078183286,True,False,False,True,87.0,CP_Chirasil_Dex_CB
mol_AATS2i,0.07646238,True,False,False,True,88.0,CP_Chirasil_Dex_CB
mol_GATS5Z,0.0758448,True,False,False,True,89.0,CP_Chirasil_Dex_CB
mol_ATSC6p,0.07359466,True,False,False,True,90.0,CP_Chirasil_Dex_CB
mol_ATSC5Z,0.07309036,True,False,False,True,91.0,CP_Chirasil_Dex_CB
mol_MINaasC,0.07181754,True,False,False,True,92.0,CP_Chirasil_Dex_CB
mol_ETA_eta_RL,0.07059401,True,False,False,True,93.0,CP_Chirasil_Dex_CB
mol_piPC2,0.07048716,True,False,False,True,94.0,CP_Chirasil_Dex_CB
mol_PEOE_VSA10,0.06888988,True,False,False,True,95.0,CP_Chirasil_Dex_CB
mol_AATS2v,0.06835812,True,False,False,True,96.0,CP_Chirasil_Dex_CB
mol_SIC4,0.065976486,True,False,False,True,97.0,CP_Chirasil_Dex_CB
mol_AATS6i,0.065630704,True,False,False,True,98.0,CP_Chirasil_Dex_CB
mol_AATSC4i,0.0650125,True,False,False,True,99.0,CP_Chirasil_Dex_CB
mol_GATS7p,0.06462735,True,False,False,True,100.0,CP_Chirasil_Dex_CB
mol_MATS5pe,0.06266408,True,False,False,True,101.0,CP_Chirasil_Dex_CB
mol_MATS1i,0.06251082,True,False,False,True,102.0,CP_Chirasil_Dex_CB
mol_MATS7c,0.062155675,True,False,False,True,103.0,CP_Chirasil_Dex_CB
mol_VSA_EState5,0.061843358,True,False,False,True,104.0,CP_Chirasil_Dex_CB
mol_GATS8c,0.061297707,True,False,False,True,105.0,CP_Chirasil_Dex_CB
mol_ATSC8d,0.05900892,True,False,False,True,106.0,CP_Chirasil_Dex_CB
mol_C1SP2,0.058842964,True,False,False,True,107.0,CP_Chirasil_Dex_CB
mol_MATS8i,0.058456983,True,False,False,True,108.0,CP_Chirasil_Dex_CB
mol_IC1,0.058353394,True,False,False,True,109.0,CP_Chirasil_Dex_CB
mol_ETA_beta,0.057581935,True,False,False,True,110.0,CP_Chirasil_Dex_CB
mol_AATS2se,0.056723576,True,False,False,True,111.0,CP_Chirasil_Dex_CB
mol_AETA_eta_FL,0.05560441,True,False,False,True,112.0,CP_Chirasil_Dex_CB
mol_MID_N,0.055569645,True,False,False,True,113.0,CP_Chirasil_Dex_CB
mol_Xpc-5d,0.055566896,True,False,False,True,114.0,CP_Chirasil_Dex_CB
mol_ATS4d,0.05546384,True,False,False,True,115.0,CP_Chirasil_Dex_CB
mol_GATS5p,0.05526403,True,False,False,True,116.0,CP_Chirasil_Dex_CB
mol_MDEC-22,0.054331116,True,False,False,True,117.0,CP_Chirasil_Dex_CB
mol_MATS8d,0.05429511,True,False,False,True,118.0,CP_Chirasil_Dex_CB
mol_ATS7d,0.053889714,True,False,False,True,119.0,CP_Chirasil_Dex_CB
mol_GATS1c,0.05259752,True,False,False,True,120.0,CP_Chirasil_Dex_CB
mol_ATS3i,0.052176762,True,False,False,True,121.0,CP_Chirasil_Dex_CB
mol_GATS2pe,0.051856387,True,False,False,True,122.0,CP_Chirasil_Dex_CB
mol_BIC4,0.05096632,True,False,False,True,123.0,CP_Chirasil_Dex_CB
mol_GATS4d,0.050917316,True,False,False,True,124.0,CP_Chirasil_Dex_CB
mol_GATS5se,0.049648143,True,False,False,True,125.0,CP_Chirasil_Dex_CB
mol_MATS7m,0.04952025,True,False,False,True,126.0,CP_Chirasil_Dex_CB
mol_AATSC5Z,0.04950306,True,False,False,True,127.0,CP_Chirasil_Dex_CB
mol_MDEC-34,0.04885983,True,False,False,True,128.0,CP_Chirasil_Dex_CB
mol_C2SP3,0.047987755,True,False,False,True,129.0,CP_Chirasil_Dex_CB
mol_RPCG,0.047986217,True,False,False,True,130.0,CP_Chirasil_Dex_CB
mol_MATS7Z,0.047256473,True,False,False,True,131.0,CP_Chirasil_Dex_CB
mol_MATS7p,0.047174126,True,False,False,True,132.0,CP_Chirasil_Dex_CB
mol_GATS7se,0.046571482,True,False,False,True,133.0,CP_Chirasil_Dex_CB
mol_AATSC5c,0.046292495,True,False,False,True,134.0,CP_Chirasil_Dex_CB
mol_SssCH2,0.0449683,True,False,False,True,135.0,CP_Chirasil_Dex_CB
mol_MDEC-13,0.04428301,True,False,False,True,136.0,CP_Chirasil_Dex_CB
mol_ETA_epsilon_1,0.043794088,True,False,False,True,137.0,CP_Chirasil_Dex_CB
mol_IC0,0.043742135,True,False,False,True,138.0,CP_Chirasil_Dex_CB
mol_C3SP2,0.043603987,True,False,False,True,139.0,CP_Chirasil_Dex_CB
mol_ATSC1s,0.041656934,True,False,False,True,140.0,CP_Chirasil_Dex_CB
mol_EState_VSA4,0.039762855,True,False,False,True,141.0,CP_Chirasil_Dex_CB
mol_SpAbs_D,0.03949644,True,False,False,True,142.0,CP_Chirasil_Dex_CB
mol_ATS0v,0.039195374,True,False,False,True,143.0,CP_Chirasil_Dex_CB
mol_JGI5,0.039072886,True,False,False,True,144.0,CP_Chirasil_Dex_CB
mol_ATSC7se,0.038638767,True,False,False,True,145.0,CP_Chirasil_Dex_CB
mol_SIC5,0.038243163,True,False,False,True,146.0,CP_Chirasil_Dex_CB
mol_BCUTdv-1l,0.038046274,True,False,False,True,147.0,CP_Chirasil_Dex_CB
mol_bpol,0.037565697,True,False,False,True,148.0,CP_Chirasil_Dex_CB
mol_nBonds,0.036999542,True,False,False,True,149.0,CP_Chirasil_Dex_CB
mol_AETA_eta_B,0.036797073,True,False,False,True,150.0,CP_Chirasil_Dex_CB
mol_MATS3c,0.036420215,True,False,False,True,151.0,CP_Chirasil_Dex_CB
mol_ATS5i,0.036386106,True,False,False,True,152.0,CP_Chirasil_Dex_CB
mol_EState_VSA3,0.036153235,True,False,False,True,153.0,CP_Chirasil_Dex_CB
mol_CIC3,0.035928503,True,False,False,True,154.0,CP_Chirasil_Dex_CB
mol_MATS7s,0.03546143,True,False,False,True,155.0,CP_Chirasil_Dex_CB
mol_ATS6p,0.03486694,True,False,False,True,156.0,CP_Chirasil_Dex_CB
mol_AATS5p,0.03458309,True,False,False,True,157.0,CP_Chirasil_Dex_CB
mol_ATSC3Z,0.03437839,True,False,False,True,158.0,CP_Chirasil_Dex_CB
mol_ATSC7c,0.03437119,True,False,False,True,159.0,CP_Chirasil_Dex_CB
mol_AATS3i,0.03434264,True,False,False,True,160.0,CP_Chirasil_Dex_CB
mol_AATSC5i,0.03388225,True,False,False,True,161.0,CP_Chirasil_Dex_CB
mol_GATS1i,0.033279795,True,False,False,True,162.0,CP_Chirasil_Dex_CB
mol_ATSC6se,0.033140626,True,False,False,True,163.0,CP_Chirasil_Dex_CB
mol_AATS8v,0.033082422,True,False,False,True,164.0,CP_Chirasil_Dex_CB
mol_MATS6s,0.033050336,True,False,False,True,165.0,CP_Chirasil_Dex_CB
mol_ATS3v,0.03298796,True,False,False,True,166.0,CP_Chirasil_Dex_CB
mol_ETA_dAlpha_B,0.032838594,True,False,False,True,167.0,CP_Chirasil_Dex_CB
mol_AATS5se,0.03254391,True,False,False,True,168.0,CP_Chirasil_Dex_CB
mol_RotRatio,0.031334996,True,False,False,True,169.0,CP_Chirasil_Dex_CB
mol_VE2_A,0.031266287,True,False,False,True,170.0,CP_Chirasil_Dex_CB
mol_nBondsS,0.031050943,True,False,False,True,171.0,CP_Chirasil_Dex_CB
mol_GATS4se,0.03040687,True,False,False,True,172.0,CP_Chirasil_Dex_CB
mol_MATS4are,0.030311812,True,False,False,True,173.0,CP_Chirasil_Dex_CB
mol_MATS4pe,0.030022431,True,False,False,True,174.0,CP_Chirasil_Dex_CB
mol_BCUTv-1h,0.029792868,True,False,False,True,175.0,CP_Chirasil_Dex_CB
mol_GATS1d,0.02974186,True,False,False,True,176.0,CP_Chirasil_Dex_CB
mol_GATS3c,0.029406887,True,False,False,True,177.0,CP_Chirasil_Dex_CB
mol_ATSC0se,0.029350238,True,False,False,True,178.0,CP_Chirasil_Dex_CB
mol_JGI2,0.028695479,True,False,False,True,179.0,CP_Chirasil_Dex_CB
mol_MWC03,0.028513908,True,False,False,True,180.0,CP_Chirasil_Dex_CB
mol_AATSC6dv,0.028417505,True,False,False,True,181.0,CP_Chirasil_Dex_CB
mol_ATS1s,0.028257316,True,False,False,True,182.0,CP_Chirasil_Dex_CB
Chiral_Type,0.027931698,True,False,True,True,183.0,CP_Chirasil_Dex_CB
mol_nC,0.027621008,True,False,False,True,184.0,CP_Chirasil_Dex_CB
mol_ATS8dv,0.027493363,True,False,False,True,185.0,CP_Chirasil_Dex_CB
mol_ATSC8Z,0.027259205,True,False,False,True,186.0,CP_Chirasil_Dex_CB
mol_ATSC2dv,0.027179435,True,False,False,True,187.0,CP_Chirasil_Dex_CB
mol_MATS1are,0.026812613,True,False,False,True,188.0,CP_Chirasil_Dex_CB
mol_MATS5se,0.026359424,True,False,False,True,189.0,CP_Chirasil_Dex_CB
mol_Vabc,0.026172688,True,False,False,True,190.0,CP_Chirasil_Dex_CB
mol_PEOE_VSA6,0.026160445,True,False,False,True,191.0,CP_Chirasil_Dex_CB
mol_GATS4c,0.026035141,True,False,False,True,192.0,CP_Chirasil_Dex_CB
mol_AATS5i,0.025468713,True,False,False,True,193.0,CP_Chirasil_Dex_CB
mol_ATSC5s,0.025420869,True,False,False,True,194.0,CP_Chirasil_Dex_CB
mol_Xpc-5dv,0.02517731,True,False,False,True,195.0,CP_Chirasil_Dex_CB
mol_ATS6d,0.025135279,True,False,False,True,196.0,CP_Chirasil_Dex_CB
mol_GATS5v,0.024767732,True,False,False,True,197.0,CP_Chirasil_Dex_CB
mol_ATSC3s,0.023848413,True,False,False,True,198.0,CP_Chirasil_Dex_CB
mol_ECIndex,0.02381961,True,False,False,True,199.0,CP_Chirasil_Dex_CB
mol_GATS6dv,0.023725308,True,False,False,True,200.0,CP_Chirasil_Dex_CB
mol_GATS1p,0.023401875,True,False,False,True,201.0,CP_Chirasil_Dex_CB
Total_Chiral,0.0,False,False,True,True,1518.0,CP_Chirasil_Dex_CB
columo_AATS2i,6.4319644,True,True,False,True,1.0,CP_Chirasil_L_Val
mol_PEOE_VSA2,4.614135,True,True,False,True,2.0,CP_Chirasil_L_Val
mol_piPC5,4.4049983,True,True,False,True,3.0,CP_Chirasil_L_Val
mol_IC5,4.2971716,True,True,False,True,4.0,CP_Chirasil_L_Val
mol_ATS1v,2.585304,True,True,False,True,5.0,CP_Chirasil_L_Val
mol_SMR,2.088514,True,True,False,True,6.0,CP_Chirasil_L_Val
mol_IC3,1.5852457,True,True,False,True,7.0,CP_Chirasil_L_Val
mol_AMID,1.4871051,True,True,False,True,8.0,CP_Chirasil_L_Val
mol_ATS1p,1.1341035,True,True,False,True,9.0,CP_Chirasil_L_Val
mol_IC2,1.1099339,True,True,False,True,10.0,CP_Chirasil_L_Val
mol_ETA_shape_p,0.9252541,True,True,False,True,11.0,CP_Chirasil_L_Val
columo_MATS2Z,0.8639457,True,True,False,True,12.0,CP_Chirasil_L_Val
mol_TIC1,0.8433612,True,True,False,True,13.0,CP_Chirasil_L_Val
mol_SlogP_VSA2,0.74470055,True,True,False,True,14.0,CP_Chirasil_L_Val
mol_IC4,0.73446727,True,True,False,True,15.0,CP_Chirasil_L_Val
mol_VSA_EState3,0.68471456,True,True,False,True,16.0,CP_Chirasil_L_Val
mol_piPC9,0.5948417,True,True,False,True,17.0,CP_Chirasil_L_Val
mol_MATS4i,0.5730878,True,True,False,True,18.0,CP_Chirasil_L_Val
mol_AXp-0d,0.51791954,True,True,False,True,19.0,CP_Chirasil_L_Val
mol_SIC2,0.47100538,True,True,False,True,20.0,CP_Chirasil_L_Val
mol_AETA_beta,0.45415112,True,True,False,True,21.0,CP_Chirasil_L_Val
mol_BertzCT,0.4083209,True,True,False,True,22.0,CP_Chirasil_L_Val
mol_MAXsOH,0.38405976,True,True,False,True,23.0,CP_Chirasil_L_Val
mol_GATS2v,0.3710664,True,True,False,True,24.0,CP_Chirasil_L_Val
mol_ATSC4p,0.32473353,True,True,False,True,25.0,CP_Chirasil_L_Val
mol_BCUTare-1l,0.32081965,True,True,False,True,26.0,CP_Chirasil_L_Val
mol_ATS1m,0.31435877,True,True,False,True,27.0,CP_Chirasil_L_Val
mol_ATSC1i,0.29603797,True,True,False,True,28.0,CP_Chirasil_L_Val
mol_ATS3p,0.28803334,True,True,False,True,29.0,CP_Chirasil_L_Val
mol_GATS4Z,0.27924502,True,True,False,True,30.0,CP_Chirasil_L_Val
mol_AATSC0p,0.27814376,True,True,False,True,31.0,CP_Chirasil_L_Val
mol_VE1_A,0.26017913,True,True,False,True,32.0,CP_Chirasil_L_Val
mol_JGI4,0.2553819,True,True,False,True,33.0,CP_Chirasil_L_Val
mol_ATSC0Z,0.24436054,True,True,False,True,34.0,CP_Chirasil_L_Val
mol_BalabanJ,0.2433181,True,True,False,True,35.0,CP_Chirasil_L_Val
mol_GATS6se,0.23066399,True,True,False,True,36.0,CP_Chirasil_L_Val
mol_AATS2pe,0.20589304,True,True,False,True,37.0,CP_Chirasil_L_Val
mol_ETA_eta_FL,0.20491792,True,True,False,True,38.0,CP_Chirasil_L_Val
mol_PEOE_VSA7,0.1966568,True,True,False,True,39.0,CP_Chirasil_L_Val
mol_ETA_epsilon_1,0.19124779,True,True,False,True,40.0,CP_Chirasil_L_Val
mol_ETA_dEpsilon_D,0.19055271,True,True,False,True,41.0,CP_Chirasil_L_Val
mol_AETA_eta_RL,0.18005882,True,True,False,True,42.0,CP_Chirasil_L_Val
mol_BCUTi-1h,0.17979448,True,True,False,True,43.0,CP_Chirasil_L_Val
mol_ATS8i,0.17524634,True,True,False,True,44.0,CP_Chirasil_L_Val
mol_VMcGowan,0.17153236,True,True,False,True,45.0,CP_Chirasil_L_Val
mol_VSA_EState6,0.17073515,True,True,False,True,46.0,CP_Chirasil_L_Val
mol_Xp-7d,0.15778364,True,True,False,True,47.0,CP_Chirasil_L_Val
mol_ATSC5d,0.15770175,True,True,False,True,48.0,CP_Chirasil_L_Val
mol_TpiPC10,0.15003465,True,True,False,True,49.0,CP_Chirasil_L_Val
mol_GATS1c,0.1500008,True,True,False,True,50.0,CP_Chirasil_L_Val
mol_AATSC5dv,0.14822356,True,True,False,True,51.0,CP_Chirasil_L_Val
mol_AATSC4v,0.14513612,True,True,False,True,52.0,CP_Chirasil_L_Val
mol_MATS7dv,0.1443592,True,True,False,True,53.0,CP_Chirasil_L_Val
mol_ATSC1p,0.14253613,True,True,False,True,54.0,CP_Chirasil_L_Val
mol_JGI8,0.14110087,True,True,False,True,55.0,CP_Chirasil_L_Val
mol_GATS7s,0.1338799,True,True,False,True,56.0,CP_Chirasil_L_Val
mol_Mp,0.13371322,True,True,False,True,57.0,CP_Chirasil_L_Val
mol_JGI6,0.13239722,True,True,False,True,58.0,CP_Chirasil_L_Val
mol_ETA_eta_F,0.13225,True,True,False,True,59.0,CP_Chirasil_L_Val
mol_MAXaaCH,0.13170554,True,True,False,True,60.0,CP_Chirasil_L_Val
mol_Xpc-5d,0.12366115,True,True,False,True,61.0,CP_Chirasil_L_Val
mol_nBondsO,0.12165837,True,True,False,True,62.0,CP_Chirasil_L_Val
mol_AATS3i,0.120527096,True,True,False,True,63.0,CP_Chirasil_L_Val
mol_MATS1i,0.11829279,True,True,False,True,64.0,CP_Chirasil_L_Val
mol_JGI9,0.11554794,True,True,False,True,65.0,CP_Chirasil_L_Val
mol_SpAbs_D,0.11418311,True,True,False,True,66.0,CP_Chirasil_L_Val
mol_TopoPSA(NO),0.10807778,True,True,False,True,67.0,CP_Chirasil_L_Val
mol_MATS7s,0.10478337,True,True,False,True,68.0,CP_Chirasil_L_Val
mol_GATS5Z,0.10279786,True,True,False,True,69.0,CP_Chirasil_L_Val
mol_ETA_eta_RL,0.10133723,True,True,False,True,70.0,CP_Chirasil_L_Val
mol_MATS5are,0.10065116,True,True,False,True,71.0,CP_Chirasil_L_Val
mol_C2SP3,0.0996182,True,False,False,True,72.0,CP_Chirasil_L_Val
mol_AATSC7d,0.09952162,True,False,False,True,73.0,CP_Chirasil_L_Val
mol_nRot,0.09743161,True,False,False,True,74.0,CP_Chirasil_L_Val
mol_GATS5c,0.09601803,True,False,False,True,75.0,CP_Chirasil_L_Val
mol_AATSC4p,0.0917656,True,False,False,True,76.0,CP_Chirasil_L_Val
mol_VSA_EState5,0.091539964,True,False,False,True,77.0,CP_Chirasil_L_Val
mol_MDEC-23,0.09079213,True,False,False,True,78.0,CP_Chirasil_L_Val
mol_AATS2i,0.08876045,True,False,False,True,79.0,CP_Chirasil_L_Val
mol_GATS2pe,0.08771184,True,False,False,True,80.0,CP_Chirasil_L_Val
mol_MATS3pe,0.08611589,True,False,False,True,81.0,CP_Chirasil_L_Val
mol_AATS4p,0.08382811,True,False,False,True,82.0,CP_Chirasil_L_Val
mol_ATSC0v,0.083586775,True,False,False,True,83.0,CP_Chirasil_L_Val
mol_ATSC1s,0.07667629,True,False,False,True,84.0,CP_Chirasil_L_Val
mol_piPC2,0.076314166,True,False,False,True,85.0,CP_Chirasil_L_Val
mol_ATS0Z,0.07521808,True,False,False,True,86.0,CP_Chirasil_L_Val
mol_ETA_beta,0.07504591,True,False,False,True,87.0,CP_Chirasil_L_Val
mol_EState_VSA8,0.07214524,True,False,False,True,88.0,CP_Chirasil_L_Val
mol_MATS2p,0.07107521,True,False,False,True,89.0,CP_Chirasil_L_Val
mol_ATS0v,0.07001967,True,False,False,True,90.0,CP_Chirasil_L_Val
mol_ATS3v,0.06914807,True,False,False,True,91.0,CP_Chirasil_L_Val
mol_AATS5dv,0.06590894,True,False,False,True,92.0,CP_Chirasil_L_Val
mol_EState_VSA7,0.06447367,True,False,False,True,93.0,CP_Chirasil_L_Val
mol_AATSC4i,0.06368798,True,False,False,True,94.0,CP_Chirasil_L_Val
mol_ATSC6p,0.06367756,True,False,False,True,95.0,CP_Chirasil_L_Val
mol_GGI7,0.0635712,True,False,False,True,96.0,CP_Chirasil_L_Val
mol_AATS6i,0.063232034,True,False,False,True,97.0,CP_Chirasil_L_Val
mol_AXp-4dv,0.06187627,True,False,False,True,98.0,CP_Chirasil_L_Val
mol_piPC10,0.061722286,True,False,False,True,99.0,CP_Chirasil_L_Val
mol_MATS3d,0.061501026,True,False,False,True,100.0,CP_Chirasil_L_Val
mol_AATSC1c,0.06077143,True,False,False,True,101.0,CP_Chirasil_L_Val
mol_nC,0.05983414,True,False,False,True,102.0,CP_Chirasil_L_Val
mol_MATS4s,0.0596865,True,False,False,True,103.0,CP_Chirasil_L_Val
mol_MATS5pe,0.059027374,True,False,False,True,104.0,CP_Chirasil_L_Val
mol_PEOE_VSA10,0.0582436,True,False,False,True,105.0,CP_Chirasil_L_Val
mol_MATS8i,0.057757035,True,False,False,True,106.0,CP_Chirasil_L_Val
mol_MINaasC,0.057591505,True,False,False,True,107.0,CP_Chirasil_L_Val
mol_GATS5p,0.05702497,True,False,False,True,108.0,CP_Chirasil_L_Val
mol_C3SP2,0.05568286,True,False,False,True,109.0,CP_Chirasil_L_Val
mol_GATS7Z,0.055360362,True,False,False,True,110.0,CP_Chirasil_L_Val
mol_ZMIC1,0.054427885,True,False,False,True,111.0,CP_Chirasil_L_Val
mol_JGI5,0.054247674,True,False,False,True,112.0,CP_Chirasil_L_Val
mol_PEOE_VSA12,0.052643545,True,False,False,True,113.0,CP_Chirasil_L_Val
mol_MDEC-13,0.05173111,True,False,False,True,114.0,CP_Chirasil_L_Val
mol_GATS5se,0.051016804,True,False,False,True,115.0,CP_Chirasil_L_Val
mol_GATS6p,0.049234632,True,False,False,True,116.0,CP_Chirasil_L_Val
mol_MATS7p,0.049095884,True,False,False,True,117.0,CP_Chirasil_L_Val
mol_GATS3c,0.04746665,True,False,False,True,118.0,CP_Chirasil_L_Val
mol_bpol,0.04723372,True,False,False,True,119.0,CP_Chirasil_L_Val
mol_C1SP2,0.046300113,True,False,False,True,120.0,CP_Chirasil_L_Val
mol_MATS7m,0.04621642,True,False,False,True,121.0,CP_Chirasil_L_Val
mol_GATS3are,0.046163544,True,False,False,True,122.0,CP_Chirasil_L_Val
mol_AATS2v,0.04522811,True,False,False,True,123.0,CP_Chirasil_L_Val
mol_ATSC3Z,0.04385658,True,False,False,True,124.0,CP_Chirasil_L_Val
mol_ATS2p,0.043603066,True,False,False,True,125.0,CP_Chirasil_L_Val
mol_SIC4,0.04349649,True,False,False,True,126.0,CP_Chirasil_L_Val
mol_AETA_eta_FL,0.043308076,True,False,False,True,127.0,CP_Chirasil_L_Val
mol_ATS8Z,0.04326925,True,False,False,True,128.0,CP_Chirasil_L_Val
mol_JGI7,0.042181194,True,False,False,True,129.0,CP_Chirasil_L_Val
mol_ATSC8d,0.04217675,True,False,False,True,130.0,CP_Chirasil_L_Val
mol_BIC4,0.042109907,True,False,False,True,131.0,CP_Chirasil_L_Val
mol_ATSC6d,0.041529752,True,False,False,True,132.0,CP_Chirasil_L_Val
mol_ATSC7se,0.04038014,True,False,False,True,133.0,CP_Chirasil_L_Val
mol_MATS7se,0.04034972,True,False,False,True,134.0,CP_Chirasil_L_Val
mol_AATS5p,0.03915354,True,False,False,True,135.0,CP_Chirasil_L_Val
mol_MATS7c,0.039078154,True,False,False,True,136.0,CP_Chirasil_L_Val
mol_AATSC0pe,0.039056476,True,False,False,True,137.0,CP_Chirasil_L_Val
mol_ATS6d,0.03890758,True,False,False,True,138.0,CP_Chirasil_L_Val
mol_GATS7p,0.03884273,True,False,False,True,139.0,CP_Chirasil_L_Val
mol_MATS3se,0.038697924,True,False,False,True,140.0,CP_Chirasil_L_Val
mol_RPCG,0.03821745,True,False,False,True,141.0,CP_Chirasil_L_Val
mol_GATS6Z,0.037015177,True,False,False,True,142.0,CP_Chirasil_L_Val
mol_SIC5,0.03679607,True,False,False,True,143.0,CP_Chirasil_L_Val
mol_MATS7Z,0.036676023,True,False,False,True,144.0,CP_Chirasil_L_Val
mol_ATSC0se,0.03575892,True,False,False,True,145.0,CP_Chirasil_L_Val
mol_ETA_dAlpha_B,0.035061188,True,False,False,True,146.0,CP_Chirasil_L_Val
mol_ATSC5Z,0.03501993,True,False,False,True,147.0,CP_Chirasil_L_Val
mol_MATS6s,0.034428995,True,False,False,True,148.0,CP_Chirasil_L_Val
mol_AATS5i,0.034332164,True,False,False,True,149.0,CP_Chirasil_L_Val
mol_AATSC6dv,0.03395309,True,False,False,True,150.0,CP_Chirasil_L_Val
mol_ATS7d,0.033705603,True,False,False,True,151.0,CP_Chirasil_L_Val
mol_ATSC3s,0.033502247,True,False,False,True,152.0,CP_Chirasil_L_Val
Chiral_Type,0.03265288,True,False,True,True,153.0,CP_Chirasil_L_Val
mol_AATSC1i,0.031913444,True,False,False,True,154.0,CP_Chirasil_L_Val
mol_AATS7d,0.031848755,True,False,False,True,155.0,CP_Chirasil_L_Val
mol_AATS2se,0.031628307,True,False,False,True,156.0,CP_Chirasil_L_Val
mol_ATS4se,0.031617563,True,False,False,True,157.0,CP_Chirasil_L_Val
mol_ATSC1Z,0.031422295,True,False,False,True,158.0,CP_Chirasil_L_Val
mol_MATS4p,0.031385627,True,False,False,True,159.0,CP_Chirasil_L_Val
R_Count,0.030586047,True,False,False,True,160.0,CP_Chirasil_L_Val
mol_ATS3i,0.030182399,True,False,False,True,161.0,CP_Chirasil_L_Val
mol_nBondsS,0.030111354,True,False,False,True,162.0,CP_Chirasil_L_Val
mol_IC1,0.030050822,True,False,False,True,163.0,CP_Chirasil_L_Val
mol_BCUTdv-1l,0.029712426,True,False,False,True,164.0,CP_Chirasil_L_Val
mol_GATS5v,0.029470744,True,False,False,True,165.0,CP_Chirasil_L_Val
mol_VE2_DzZ,0.029394517,True,False,False,True,166.0,CP_Chirasil_L_Val
mol_AATSC5d,0.028829936,True,False,False,True,167.0,CP_Chirasil_L_Val
mol_MATS7d,0.028786408,True,False,False,True,168.0,CP_Chirasil_L_Val
mol_ATS5i,0.028622765,True,False,False,True,169.0,CP_Chirasil_L_Val
mol_GATS4se,0.028462926,True,False,False,True,170.0,CP_Chirasil_L_Val
mol_ZMIC0,0.027651757,True,False,False,True,171.0,CP_Chirasil_L_Val
mol_MATS4c,0.027635578,True,False,False,True,172.0,CP_Chirasil_L_Val
mol_MATS4d,0.027526768,True,False,False,True,173.0,CP_Chirasil_L_Val
mol_BCUTv-1h,0.027340753,True,False,False,True,174.0,CP_Chirasil_L_Val
mol_AATSC2Z,0.027241968,True,False,False,True,175.0,CP_Chirasil_L_Val
mol_MATS6d,0.026774434,True,False,False,True,176.0,CP_Chirasil_L_Val
mol_ATS8dv,0.02662123,True,False,False,True,177.0,CP_Chirasil_L_Val
mol_GATS1p,0.026381223,True,False,False,True,178.0,CP_Chirasil_L_Val
mol_ATS1s,0.026283791,True,False,False,True,179.0,CP_Chirasil_L_Val
mol_WPath,0.025866952,True,False,False,True,180.0,CP_Chirasil_L_Val
mol_MATS5se,0.025273092,True,False,False,True,181.0,CP_Chirasil_L_Val
mol_ECIndex,0.025197897,True,False,False,True,182.0,CP_Chirasil_L_Val
mol_ATS4d,0.025123786,True,False,False,True,183.0,CP_Chirasil_L_Val
mol_GATS8c,0.024395881,True,False,False,True,184.0,CP_Chirasil_L_Val
mol_MATS1are,0.02371305,True,False,False,True,185.0,CP_Chirasil_L_Val
mol_MAXdO,0.023412224,True,False,False,True,186.0,CP_Chirasil_L_Val
mol_EState_VSA4,0.023327718,True,False,False,True,187.0,CP_Chirasil_L_Val
mol_AATSC5c,0.023321938,True,False,False,True,188.0,CP_Chirasil_L_Val
mol_ATSC2v,0.023214169,True,False,False,True,189.0,CP_Chirasil_L_Val
mol_MATS4pe,0.02310457,True,False,False,True,190.0,CP_Chirasil_L_Val
mol_AATS6Z,0.02305041,True,False,False,True,191.0,CP_Chirasil_L_Val
mol_n10FHRing,0.023048712,True,False,False,True,192.0,CP_Chirasil_L_Val
mol_ATS1Z,0.022986434,True,False,False,True,193.0,CP_Chirasil_L_Val
mol_MAXdssC,0.022759818,True,False,False,True,194.0,CP_Chirasil_L_Val
mol_GGI2,0.022718469,True,False,False,True,195.0,CP_Chirasil_L_Val
mol_ATS5d,0.022523616,True,False,False,True,196.0,CP_Chirasil_L_Val
Total_Chiral,0.0,False,False,True,True,1518.0,CP_Chirasil_L_Val
